"","id","Sexo","AEO01","AEO02","AEO03","AEO04","AEO05","AEO06","ACSF01","ACSF02","ACSF03","ACSF04","ACSF05","ACSF06","ACSF07","ACSF08","ACSF09","ACSF10","ACSF11","ACSF12","ACSF13","ACP01","ACP02","ACP03","ACP04","ACP05","ACP06","ACP07","ACP08","ACP09","ACP10","ACP11","ACP12","ACP13","ACP14","PPC01","PPC02","PPC03","PPC04","PPC05","PPC06","PPC07","PPC08","PPC09","PPC10","PPC11","PPC12","PPC13","PPC14","PPC15","PPC16","PPC17","PPC18","PPC19","EEC01","EEC02","EEC03","EEC04","EEC05","EEC06","EEC07","EEC08","EEC09"
"1",1,1,2,4,4,4,4,5,4,5,3,3,4,5,1,5,2,3,3,3,2,2,5,2,4,4,4,3,2,3,2,3,5,3,4,5,5,2,2,2,5,5,3,2,4,1,2,4,2,3,1,4,5,2,4,3,3,1,4,5,1,1,3
"2",2,1,4,4,4,5,4,4,1,5,5,5,5,5,1,5,1,5,5,1,1,1,5,1,1,5,5,1,1,5,5,5,5,5,5,5,1,2,5,3,5,3,2,1,4,2,2,1,3,3,1,5,1,4,2,3,3,1,3,1,3,4,4
"3",3,1,4,4,4,4,3,4,4,1,1,1,1,3,3,4,4,1,1,1,3,4,4,4,4,4,4,3,2,4,1,1,1,1,1,1,2,5,4,4,4,4,5,4,5,4,4,1,5,5,5,5,1,3,5,5,5,5,5,4,5,5,5
"4",4,1,5,4,4,5,5,5,5,5,5,5,5,4,5,5,4,4,3,2,1,5,4,5,5,4,4,3,4,3,2,3,4,3,4,5,5,5,2,5,5,3,5,5,5,2,3,4,4,5,3,5,4,3,5,5,5,5,5,4,4,5,5
"5",5,2,4,5,4,5,5,5,4,5,5,5,5,4,5,4,5,2,2,3,1,5,5,3,4,5,5,3,5,3,3,2,4,3,4,3,2,4,5,4,5,5,5,3,3,5,5,5,4,5,4,4,5,3,5,5,3,4,4,2,5,4,4
"6",6,2,4,4,4,5,5,4,4,4,5,4,3,3,1,1,5,4,5,5,5,3,5,1,3,4,5,3,3,4,4,4,5,5,5,1,5,5,2,2,5,5,2,1,1,2,1,5,5,3,1,2,5,1,5,5,3,1,5,1,1,5,5
"7",7,2,4,2,3,4,2,4,5,5,5,5,5,5,3,5,3,4,5,5,5,2,5,3,3,5,5,4,3,4,4,4,5,5,2,5,5,3,3,3,5,5,5,5,5,2,2,5,4,5,1,5,5,5,4,2,4,5,5,1,1,4,5
"8",8,1,5,4,4,5,4,4,3,1,1,1,5,5,1,5,1,1,1,5,5,5,5,3,5,5,5,3,5,3,4,4,5,5,5,5,5,5,5,5,5,5,5,4,5,4,4,4,5,5,4,5,5,4,5,4,4,5,5,5,3,1,5
"9",9,1,4,4,4,4,5,4,4,5,5,5,5,5,2,3,1,1,1,1,1,3,4,4,5,4,2,2,4,2,4,4,5,2,5,5,5,3,2,3,4,5,2,2,4,1,1,4,2,1,1,5,3,3,3,4,4,3,4,1,2,3,5
"10",10,1,5,5,5,5,4,5,5,5,5,5,5,5,1,5,1,1,1,1,1,5,4,4,4,4,4,2,5,3,3,3,5,5,5,4,4,5,5,5,5,5,5,5,5,5,5,5,5,5,5,5,5,5,5,5,5,5,5,4,4,5,5
"11",11,1,2,3,3,4,2,3,5,3,3,5,1,2,1,3,3,5,5,5,5,1,5,2,1,3,3,3,5,1,1,1,5,3,5,5,5,2,2,2,5,5,5,1,2,1,1,1,3,5,1,5,5,4,5,3,5,2,3,1,1,3,4
"12",12,1,5,5,5,5,5,5,5,5,5,5,5,5,5,5,5,5,5,5,5,5,5,5,5,5,5,3,5,5,5,5,5,5,5,5,5,5,5,5,5,5,5,5,5,5,5,5,5,5,5,5,5,5,5,5,5,5,5,5,5,5,5
"13",13,2,5,5,4,4,4,5,4,3,2,3,3,3,1,5,3,2,4,4,4,4,5,4,4,5,4,5,4,4,5,5,5,5,5,3,1,4,5,4,5,4,5,3,5,5,5,4,4,5,2,3,5,5,3,3,3,2,5,3,4,1,5
"14",14,1,5,4,4,5,4,4,5,4,5,5,4,4,5,5,3,1,1,1,4,5,5,4,4,5,4,3,5,5,5,5,5,5,5,3,4,4,2,5,4,5,3,3,5,5,5,3,4,5,1,5,5,2,5,4,4,4,4,4,4,5,4
"15",15,2,5,5,4,5,4,5,5,5,5,5,5,5,5,5,3,4,4,4,4,1,5,4,4,5,4,4,3,4,4,3,5,5,5,5,5,5,3,4,2,2,2,4,4,2,4,3,4,5,4,4,3,3,4,5,5,5,5,5,5,4,5
"16",16,1,4,4,4,5,5,5,3,3,1,4,4,4,5,5,4,1,1,1,1,5,5,5,5,5,5,3,3,5,3,5,3,5,5,1,3,4,1,3,1,1,4,1,4,4,4,4,4,4,2,4,4,2,5,5,5,5,5,5,3,5,5
"17",17,2,4,4,5,5,4,4,2,1,5,1,1,5,2,2,1,5,2,4,1,1,5,3,1,5,1,3,5,1,5,2,5,2,1,3,2,2,4,2,2,4,2,3,5,4,4,3,3,3,3,3,4,4,3,3,2,3,4,2,3,4,4
"18",18,1,4,4,2,4,5,5,5,1,1,1,1,2,3,5,1,1,1,1,1,5,5,5,5,5,5,5,5,5,5,5,5,5,5,5,4,5,5,5,5,5,5,5,5,5,5,5,5,5,1,5,5,5,1,1,3,1,2,1,1,1,1
"19",19,1,5,5,5,5,5,5,5,4,4,4,4,4,4,5,1,3,3,3,3,4,4,4,4,4,4,4,4,3,4,4,5,5,5,5,4,5,2,5,3,3,4,4,4,3,4,5,4,3,2,3,2,3,4,4,4,4,4,4,4,1,4
"20",20,1,5,4,4,4,4,4,3,3,1,1,2,5,4,3,4,4,5,3,3,5,5,5,4,5,5,3,2,3,4,4,5,2,3,2,4,3,2,4,5,3,3,2,4,5,4,2,4,4,4,2,3,4,4,4,4,4,3,3,3,2,4
"21",21,1,2,4,2,1,2,2,1,2,1,1,1,2,1,1,2,3,5,3,3,3,4,3,1,2,4,3,3,1,2,4,1,3,4,3,2,2,5,3,4,3,3,3,4,3,4,2,2,3,1,2,3,4,2,2,2,2,4,2,2,2,2
"22",22,1,4,5,2,4,5,5,5,4,3,4,3,3,1,5,2,1,1,1,1,5,5,5,5,5,5,3,4,4,5,5,5,5,5,5,5,3,4,1,4,2,4,4,4,4,3,3,3,5,1,3,5,1,5,4,5,5,4,3,2,4,3
"23",23,1,5,5,4,5,5,5,5,4,5,5,4,4,5,5,3,1,3,4,4,5,5,4,4,4,5,3,5,4,4,3,4,4,5,1,5,5,2,5,5,4,5,5,5,3,5,2,5,5,1,1,5,4,5,5,5,5,4,4,4,5,5
"24",24,1,2,2,2,2,4,2,4,5,3,3,4,4,1,1,3,1,1,1,3,4,3,1,3,3,4,3,1,4,4,5,5,5,4,5,5,5,4,4,5,5,5,5,5,5,2,3,2,5,2,4,5,5,5,4,4,4,4,4,4,3,4
"25",25,2,5,5,5,5,5,5,5,5,4,5,5,5,3,5,1,5,5,5,5,5,3,3,5,3,3,3,3,1,1,1,5,3,5,5,5,5,3,4,3,3,5,5,5,2,5,3,5,2,2,5,3,3,5,5,5,5,4,4,3,5,5
"26",26,1,5,5,4,4,4,5,4,4,4,4,4,4,4,5,3,1,1,1,1,5,4,4,4,4,4,3,4,3,5,5,5,4,3,4,4,3,4,4,5,4,5,5,5,4,5,4,4,4,2,4,5,4,4,4,4,4,4,3,4,5,4
"27",27,1,4,2,4,5,4,4,3,3,5,4,3,4,2,5,2,2,3,3,4,5,3,4,3,4,3,4,4,4,5,5,5,4,5,2,5,3,4,5,5,3,3,4,4,1,4,2,3,5,4,3,3,4,4,5,5,4,3,3,3,5,4
"28",28,2,5,4,4,5,5,5,4,4,4,4,4,4,5,4,4,3,5,5,4,4,5,3,2,1,4,3,4,2,2,2,4,2,2,2,2,5,2,4,3,2,3,2,2,3,3,4,4,2,1,1,5,1,4,4,4,4,4,1,4,2,4
"29",29,1,5,4,3,4,5,5,4,5,4,4,4,4,4,4,2,1,3,3,3,5,3,3,4,4,3,3,2,4,4,5,5,4,5,5,5,5,4,4,4,4,4,4,4,5,4,4,4,4,5,4,5,5,4,4,4,4,4,3,3,5,4
"30",30,2,2,4,4,4,3,4,4,5,5,5,5,5,4,5,1,1,1,3,1,5,4,3,3,4,4,3,5,3,3,3,1,5,5,5,1,4,2,2,5,5,5,4,4,5,4,3,3,5,1,5,5,4,5,5,5,5,3,5,3,5,5
"31",31,1,5,4,4,5,4,5,5,5,5,5,5,5,4,5,4,1,1,4,1,5,5,5,5,5,5,5,5,5,5,5,5,5,5,5,5,5,5,4,5,4,1,5,5,5,5,5,5,5,1,5,5,5,5,5,5,5,5,4,1,3,4
"32",32,2,5,4,4,5,5,4,5,5,1,5,1,2,5,5,5,1,5,1,1,5,5,1,5,5,5,1,5,5,1,5,5,5,5,5,5,5,4,4,4,5,5,3,4,2,1,2,3,3,2,4,5,4,4,5,5,3,4,3,4,2,5
"33",33,1,4,4,5,3,3,3,4,5,3,4,5,5,5,5,3,5,2,3,5,5,5,2,5,1,5,1,5,2,5,5,4,2,5,5,4,3,5,5,3,5,5,5,5,2,4,5,3,3,5,5,3,5,3,3,4,4,4,5,3,3,2
"34",34,2,2,2,4,5,2,5,5,1,4,3,1,2,1,4,5,2,2,1,1,4,5,2,2,4,4,1,5,2,4,4,5,4,5,4,5,5,4,4,2,5,5,4,5,1,2,1,4,5,4,5,4,5,1,2,3,1,1,1,5,3,3
"35",35,2,4,5,3,5,2,4,5,5,4,4,2,4,2,3,1,4,4,5,3,3,5,4,3,3,5,2,2,2,1,3,3,2,3,2,5,4,3,4,5,5,5,3,5,3,2,1,3,4,2,3,3,4,3,4,4,3,5,2,5,3,3
"36",36,2,4,4,5,4,2,4,5,5,1,1,5,2,1,5,5,1,1,5,5,5,1,1,5,5,1,1,1,1,5,5,5,5,5,4,3,5,2,3,4,5,5,3,4,3,2,4,3,2,4,4,4,4,4,5,4,3,1,1,3,4,4
"37",37,1,4,4,4,5,4,4,4,2,3,3,3,3,2,3,4,2,4,5,5,4,4,4,5,4,3,3,4,4,4,4,5,4,5,5,4,2,4,4,5,4,5,2,4,3,3,4,3,3,2,4,5,5,4,4,4,3,3,3,3,2,2
"38",38,1,4,4,3,4,4,4,5,5,4,2,5,5,4,4,3,3,3,2,3,5,2,3,4,5,5,4,3,4,3,2,3,4,2,5,5,5,3,5,5,4,5,4,5,2,3,4,3,5,4,4,4,3,3,3,4,3,5,1,2,2,3
"39",39,1,4,5,4,5,4,5,5,4,4,5,4,4,5,5,2,2,3,2,1,5,4,5,4,4,5,3,5,4,4,4,4,3,4,4,4,5,3,4,5,4,5,4,5,2,3,4,4,2,1,5,4,4,5,5,5,5,4,3,4,5,4
"40",40,1,5,5,4,2,5,5,5,3,2,2,2,2,1,3,1,4,2,4,5,4,3,3,2,3,3,3,3,1,2,4,4,5,3,3,5,5,4,5,3,4,5,5,5,4,5,5,5,5,3,5,3,5,5,5,5,5,5,2,5,5,5
"41",41,1,5,5,5,5,5,4,5,4,4,4,4,4,4,5,1,3,2,1,1,5,5,5,5,5,5,3,5,5,3,4,5,5,5,5,5,5,5,5,5,2,3,5,5,3,5,2,5,5,1,5,5,5,4,4,4,4,4,4,4,4,4
"42",42,2,5,5,4,3,3,4,3,3,4,3,3,4,2,5,3,3,4,1,4,3,2,1,3,1,2,3,1,3,4,2,4,2,5,5,5,2,5,5,4,5,4,3,3,5,3,5,2,2,3,5,3,3,4,4,4,4,4,3,4,4,4
"43",43,1,4,4,4,3,4,4,4,2,4,4,3,2,3,4,4,4,3,3,4,4,4,4,4,4,4,4,1,4,5,5,5,4,5,5,5,3,4,4,5,4,5,2,3,4,4,4,4,4,2,5,5,3,3,3,2,2,4,2,2,3,1
"44",44,1,4,4,4,3,4,3,2,5,4,5,4,4,3,3,3,1,3,2,1,3,4,1,3,4,4,3,5,3,3,4,3,4,4,5,3,4,4,3,3,2,5,4,4,2,3,1,4,4,2,2,3,4,4,4,4,4,5,4,3,3,3
"45",45,1,5,4,3,5,4,5,4,3,1,1,3,5,1,5,4,3,5,2,5,5,5,2,5,5,5,4,5,3,5,5,5,3,5,5,4,4,5,5,4,5,2,3,4,4,5,5,5,4,2,3,3,5,3,4,2,4,5,4,5,1,5
"46",46,1,5,4,4,5,4,5,5,4,3,3,5,5,4,4,3,2,3,4,4,5,1,3,2,1,1,3,5,4,4,4,5,5,5,4,5,4,4,5,5,5,5,4,4,4,4,5,4,5,2,4,4,4,4,4,4,4,3,3,5,5,5
"47",47,2,5,5,5,5,4,5,4,4,4,4,4,4,4,4,3,2,2,2,2,4,4,4,4,4,4,3,4,4,4,4,4,4,4,5,5,4,3,4,5,3,4,4,5,4,3,3,3,4,3,4,4,4,4,4,4,4,4,4,4,4,4
"48",48,1,4,5,3,4,4,3,4,4,1,1,3,2,1,3,4,1,4,3,4,5,5,3,3,2,2,3,5,2,5,5,5,2,3,1,4,5,5,4,4,4,5,2,4,5,3,4,4,4,4,4,5,5,5,5,4,4,4,4,1,4,2
"49",49,2,4,4,4,4,5,5,5,5,5,5,5,5,5,5,5,1,5,5,5,5,5,1,5,5,5,3,5,1,5,1,1,1,5,3,5,5,5,4,5,5,4,5,5,5,4,5,5,5,1,5,5,4,5,5,5,5,5,5,5,5,4
"50",50,1,4,4,4,5,5,5,5,3,5,5,3,3,3,5,2,1,2,3,4,3,4,4,4,4,4,3,5,4,4,5,4,4,3,4,5,3,4,5,3,5,5,5,5,5,5,5,5,5,1,4,2,5,3,3,2,2,4,3,2,3,3
"51",51,1,5,5,5,5,4,4,4,4,4,4,4,4,3,4,3,2,4,2,3,4,4,4,4,4,5,3,4,3,3,4,5,5,5,2,4,4,3,4,4,3,4,3,4,2,4,4,3,4,2,4,3,3,4,4,4,4,3,1,3,2,4
"52",52,2,5,5,5,1,4,5,3,1,1,4,1,2,1,2,1,1,2,1,1,1,5,5,5,5,5,5,5,5,5,5,1,1,1,3,5,5,1,1,2,5,1,2,2,1,1,5,1,1,1,2,1,5,2,1,1,2,1,1,1,1,1
"53",53,1,4,5,2,5,5,5,4,2,1,1,2,3,1,4,4,1,4,5,3,4,5,3,4,5,5,4,5,3,5,5,5,5,5,5,5,5,4,4,5,5,5,5,4,5,4,4,4,5,4,5,5,4,5,5,5,5,4,3,3,3,3
"54",54,1,5,5,5,5,5,5,5,3,2,2,3,3,1,3,3,3,3,3,3,3,3,1,3,3,3,3,3,2,2,3,1,3,2,1,5,5,5,5,5,5,5,2,2,2,5,5,5,5,1,5,4,4,4,4,4,4,4,4,4,4,4
"55",55,1,2,4,3,5,5,4,5,3,3,4,4,4,2,2,4,5,4,2,2,4,4,2,2,4,4,4,2,2,1,2,3,2,2,4,4,4,4,3,2,2,2,4,4,2,1,1,2,2,4,3,2,1,4,4,4,4,4,3,4,3,4
"56",56,1,5,5,4,5,4,5,5,4,5,5,5,5,5,5,1,1,2,1,1,5,3,4,3,3,3,4,4,5,2,3,4,4,4,4,2,3,2,4,5,5,3,4,4,4,3,4,4,4,3,5,5,4,4,4,5,4,3,2,4,4,3
"57",57,1,4,5,3,4,4,4,5,5,5,5,5,5,5,5,3,3,2,2,2,4,4,3,4,3,4,3,4,4,4,5,5,5,5,5,5,4,5,5,5,5,5,4,5,5,4,4,5,5,1,3,4,5,2,3,4,3,4,1,2,4,3
"58",58,1,2,4,4,4,5,4,4,2,2,1,2,2,1,3,4,4,1,4,4,4,4,2,4,5,4,4,4,4,4,5,5,5,5,5,4,3,2,4,4,3,4,3,3,3,2,2,2,3,3,3,3,5,4,4,5,4,4,1,3,3,3
"59",59,1,4,5,4,4,4,4,4,4,3,3,4,4,3,4,3,3,3,3,3,4,4,3,4,4,4,3,4,3,3,4,4,4,4,4,4,4,4,4,4,4,4,4,4,3,4,3,4,4,3,4,4,4,3,2,5,5,3,4,4,4,5
"60",60,1,4,4,4,4,4,4,5,5,1,1,1,5,1,5,5,5,5,5,1,5,5,1,5,5,5,3,5,1,1,1,5,1,5,4,5,2,4,4,2,4,5,5,5,2,2,5,2,5,2,5,5,5,5,5,5,5,5,5,1,3,3
"61",61,1,4,5,5,4,5,5,5,5,5,5,4,3,5,4,3,1,4,5,3,5,5,5,4,5,4,5,5,3,4,4,5,5,5,1,5,2,5,5,5,5,5,2,4,3,5,1,5,5,2,5,5,5,2,4,5,5,4,1,5,1,1
"62",62,2,1,4,2,1,3,3,3,2,2,2,2,2,2,3,3,4,3,2,5,3,3,1,2,1,1,1,2,1,4,3,2,3,3,5,5,5,3,5,5,5,5,5,5,4,4,3,3,4,1,3,5,3,5,5,5,5,5,5,3,4,4
"63",63,2,4,4,4,5,4,4,4,4,5,1,5,5,4,5,4,3,4,3,5,1,3,1,4,5,4,1,1,3,5,5,5,4,1,4,3,4,4,4,5,5,3,3,3,2,4,3,4,4,1,4,3,4,3,3,3,4,3,4,1,3,1
"64",64,1,5,5,4,4,4,4,4,3,4,4,4,4,4,5,2,1,4,1,1,5,4,2,3,3,2,3,5,2,4,5,5,3,3,4,4,4,4,4,5,4,3,3,4,3,3,3,3,4,2,4,5,4,4,4,4,3,4,2,4,4,4
"65",65,1,2,4,2,3,4,4,5,5,5,5,5,5,1,5,2,1,2,1,1,5,3,3,4,4,3,2,4,3,2,3,5,4,5,5,5,3,2,4,2,5,5,2,5,2,3,5,5,4,3,3,2,4,2,4,5,3,2,4,1,3,3
"66",66,1,3,5,4,5,4,5,3,1,5,5,4,4,4,4,3,3,2,4,1,5,1,5,3,3,1,3,1,3,5,5,4,5,4,4,5,5,1,5,5,5,5,4,5,4,5,4,5,4,1,4,4,1,3,4,4,4,4,1,3,5,4
"67",67,1,5,5,2,4,4,4,3,1,1,3,3,4,3,5,2,3,3,1,1,5,5,5,5,5,5,3,4,5,5,5,5,5,5,5,5,4,3,4,3,4,3,2,5,3,4,3,4,3,2,5,4,4,4,4,4,4,4,4,4,5,4
"68",68,1,2,5,2,5,4,5,5,5,5,5,3,5,3,5,1,1,1,1,1,3,5,3,5,4,3,3,5,3,3,5,5,3,5,5,5,3,5,5,5,5,5,5,5,5,3,2,2,5,1,5,5,4,4,5,4,4,5,4,4,4,3
"69",69,2,2,4,4,4,4,4,4,4,5,5,5,5,4,4,2,2,2,2,1,5,4,4,4,4,4,4,4,4,5,4,5,4,1,5,2,4,3,4,3,4,4,4,4,4,4,2,4,2,2,3,4,4,4,4,4,4,4,4,4,4,4
"70",70,2,5,4,4,5,4,4,4,5,3,4,4,5,1,5,3,1,1,1,1,5,5,4,4,4,4,3,3,4,4,4,4,4,4,4,5,4,4,4,5,5,5,4,3,4,5,4,4,5,4,4,4,4,3,3,4,4,4,2,3,3,3
"71",71,1,4,5,4,4,4,4,5,4,4,4,4,5,4,4,2,4,4,2,1,5,4,4,4,4,3,3,5,4,4,5,5,5,5,1,3,5,4,1,4,1,2,5,5,4,4,1,5,5,1,5,5,4,4,5,4,5,5,2,4,5,5
"72",72,1,5,4,4,5,5,5,5,3,2,5,3,5,3,5,1,3,1,4,5,5,5,3,4,5,3,5,1,5,3,5,5,5,5,5,5,4,4,4,4,2,2,5,5,2,5,1,5,2,2,5,2,5,5,4,5,4,5,5,4,5,5
"73",73,2,4,4,2,4,2,2,4,4,3,4,4,4,3,4,3,3,3,3,2,3,4,3,4,4,3,3,4,3,3,4,4,2,4,4,5,3,4,4,4,4,4,4,4,4,3,2,3,4,4,4,4,4,3,4,4,3,3,3,4,3,3
"74",74,2,3,2,4,4,4,4,4,3,2,3,2,2,3,3,3,3,3,3,2,3,3,3,2,2,3,3,4,2,2,3,4,3,3,2,2,3,3,3,5,4,5,2,2,5,3,3,3,5,4,3,4,3,2,3,4,2,1,1,1,4,2
"75",75,1,5,5,4,5,4,5,5,4,4,4,4,4,4,5,3,2,1,1,1,5,4,5,5,4,4,4,4,3,5,5,5,4,5,4,4,5,5,5,4,5,4,5,5,3,4,2,5,4,4,4,5,5,3,4,3,3,3,5,5,4,4
"76",76,1,4,2,4,5,4,5,5,5,5,5,5,5,5,5,5,1,1,1,1,5,5,5,5,5,5,5,5,5,5,5,5,5,5,5,5,4,2,4,1,5,5,4,5,5,3,1,3,5,2,5,4,3,3,4,3,3,4,3,4,3,4
"77",77,1,5,3,5,5,5,5,5,1,1,3,3,5,5,5,5,1,1,5,3,3,4,1,4,4,4,1,5,1,5,5,5,1,5,5,5,5,5,5,5,5,5,2,5,5,5,5,5,5,1,5,1,1,5,5,5,5,4,3,4,2,3
"78",78,2,1,1,1,1,1,1,5,4,4,5,4,4,5,5,1,1,3,3,1,5,5,4,5,5,4,4,4,2,3,5,5,3,5,1,1,5,2,5,5,2,5,5,5,2,5,5,5,5,1,5,1,5,5,5,5,5,5,5,5,5,5
"79",79,2,5,5,5,4,4,5,5,1,5,5,5,5,4,5,5,5,5,4,1,5,5,5,5,5,5,1,5,1,5,4,5,4,5,1,2,4,2,5,4,1,1,2,3,2,5,1,4,5,1,2,1,2,4,4,4,4,3,3,3,3,3
"80",80,2,2,1,2,4,3,3,4,4,4,4,4,4,4,5,2,3,2,4,3,4,5,3,4,4,4,2,2,2,2,5,5,5,5,4,4,4,4,2,5,5,4,4,5,2,4,4,4,4,3,4,4,4,3,4,4,4,5,3,4,4,4
"81",81,2,3,4,5,5,5,5,4,3,4,4,4,4,2,4,5,5,5,5,4,3,3,2,3,3,3,3,5,3,3,3,5,3,5,3,3,3,5,4,4,3,5,4,4,4,3,3,3,5,2,2,4,2,4,4,4,4,4,1,3,1,3
"82",82,1,5,4,4,5,5,5,5,5,5,5,5,5,1,5,5,1,5,5,1,5,5,1,1,5,1,1,5,5,1,5,5,1,5,4,5,4,1,2,5,4,3,2,1,3,3,2,2,4,1,5,5,4,2,3,4,4,5,3,3,3,3
"83",83,2,5,5,5,4,5,5,5,4,5,5,4,5,2,5,1,3,3,3,2,5,4,4,3,3,4,4,4,3,2,1,5,4,5,4,5,3,5,5,5,1,5,5,5,4,4,5,5,5,4,4,5,5,4,4,4,5,5,3,3,2,4
"84",84,1,4,5,2,3,4,4,5,5,1,4,4,5,5,5,1,3,3,1,3,5,4,2,4,3,3,4,1,2,3,4,5,5,5,2,5,2,2,5,5,5,2,5,5,4,5,2,4,4,1,5,3,4,1,1,1,1,4,1,1,1,1
"85",85,1,4,4,4,5,4,4,4,3,3,3,3,3,2,3,4,4,3,5,5,4,4,4,5,5,3,2,4,3,5,5,5,4,3,5,5,3,2,4,2,5,4,4,3,5,4,1,4,4,1,5,4,4,5,4,5,5,4,4,3,4,4
"86",86,1,5,5,5,5,5,5,5,5,5,5,5,5,5,5,1,1,1,1,1,5,5,1,5,5,5,1,5,1,5,5,5,5,5,5,5,5,1,5,5,5,4,5,5,1,4,5,4,5,5,5,4,5,5,5,5,5,4,4,1,4,4
"87",87,1,5,4,5,5,2,4,1,2,1,1,1,2,3,5,5,1,3,3,1,3,5,4,4,5,5,5,5,5,4,4,5,5,5,1,4,4,4,4,4,2,4,4,4,2,4,3,4,4,1,4,4,3,5,4,4,4,4,4,4,3,3
"88",88,2,4,4,4,4,4,3,3,3,3,4,3,3,3,4,4,3,4,5,5,3,4,3,4,4,4,1,3,3,3,3,4,3,2,3,4,3,2,3,4,2,4,4,3,3,4,1,3,3,2,3,3,4,4,4,4,3,4,3,3,3,4
"89",89,1,4,5,4,4,4,4,5,5,1,5,5,5,5,5,1,1,1,1,1,5,1,5,5,5,5,1,5,1,1,1,5,1,5,4,3,4,2,3,4,3,2,3,2,2,4,3,3,3,3,3,3,2,1,1,1,1,2,1,1,2,2
"90",90,1,5,4,4,5,4,5,4,4,4,5,4,5,5,5,2,2,2,1,1,4,4,5,5,5,4,3,5,4,4,4,5,4,5,5,3,4,2,4,2,4,1,4,4,1,4,4,4,1,2,5,4,5,4,4,4,3,4,4,5,5,4
"91",91,2,5,5,4,5,4,5,5,4,4,4,5,5,1,5,5,2,2,1,1,5,5,4,3,2,5,4,1,1,1,2,3,2,3,4,4,4,5,3,5,1,1,4,2,4,5,1,5,4,2,2,1,4,1,1,4,4,4,4,3,5,4
"92",92,2,2,2,2,5,2,2,5,5,4,4,4,4,4,4,1,1,1,2,1,4,2,2,2,2,2,1,1,1,1,1,5,4,5,3,4,4,4,4,4,4,4,4,2,4,4,2,4,4,4,4,4,4,4,4,4,4,4,4,4,3,3
"93",93,1,4,4,3,5,4,5,3,3,4,4,4,4,3,3,3,5,5,4,4,3,4,4,4,4,4,4,3,5,3,4,5,5,5,1,3,2,2,3,2,2,3,2,5,1,2,2,2,2,2,5,3,5,2,4,3,2,3,1,3,3,2
"94",94,2,5,5,5,5,5,5,5,1,5,1,1,2,5,1,1,1,1,1,5,5,5,5,5,1,5,5,5,5,5,5,1,5,5,5,5,5,1,5,5,5,5,5,5,5,5,5,5,5,1,5,5,5,5,5,5,5,5,5,5,5,5
"95",95,2,5,4,5,5,4,4,5,5,1,1,1,2,5,5,5,5,4,1,5,5,5,1,5,5,5,5,5,1,5,5,5,5,5,5,5,5,2,4,5,4,5,4,5,4,5,5,5,5,1,2,5,5,5,5,5,5,5,4,3,5,5
"96",96,2,2,5,5,5,5,5,5,5,1,5,5,5,1,5,5,5,5,5,5,1,5,5,1,1,1,1,5,1,5,5,1,1,1,5,5,5,5,5,2,5,2,2,5,1,4,4,4,5,1,4,5,5,3,4,4,4,4,5,3,5,5
"97",97,1,4,5,5,3,4,5,4,4,3,3,4,4,3,4,3,3,3,3,3,4,4,3,4,4,4,3,4,3,3,4,4,4,4,4,4,4,4,4,4,4,4,4,4,3,4,3,4,4,3,4,4,4,4,4,4,4,4,3,4,3,4
"98",98,1,2,1,2,5,5,1,5,5,5,1,1,2,1,5,1,1,1,1,1,1,5,1,5,5,1,1,5,1,3,4,4,4,4,4,4,4,4,4,4,4,4,4,4,3,4,3,4,4,3,4,4,4,4,4,4,4,4,3,4,3,4
"99",99,1,4,4,4,4,4,4,4,4,3,3,4,4,3,4,3,3,3,3,3,4,4,3,4,4,4,3,4,3,3,4,4,4,4,4,4,4,4,4,4,4,4,4,4,3,4,3,4,4,3,4,4,4,4,4,4,4,4,3,4,3,4
"100",100,1,3,3,3,4,3,4,4,4,3,3,4,4,3,4,3,3,3,3,3,4,4,3,4,4,4,3,4,3,3,4,4,4,4,4,4,4,4,4,4,4,4,4,4,3,4,3,4,4,3,4,4,4,4,4,4,4,4,3,4,3,4
"101",101,2,4,4,4,4,4,4,4,4,3,3,4,4,3,4,3,3,3,3,3,4,4,3,4,4,4,3,4,3,3,4,4,4,4,4,4,4,4,4,4,4,4,4,4,3,4,3,4,4,3,4,4,4,4,4,4,4,4,3,4,3,4
"102",102,1,4,4,3,4,4,4,5,4,4,4,4,4,2,4,4,1,1,1,1,5,5,5,5,5,5,3,2,5,3,5,5,5,5,4,4,4,4,4,4,4,4,4,4,3,4,3,4,4,3,4,4,4,4,4,4,4,4,3,4,3,4
"103",103,1,4,4,4,4,4,4,4,4,3,3,4,4,3,4,3,3,3,3,3,4,4,3,4,4,4,3,4,3,3,4,4,4,4,4,4,4,4,4,4,4,4,4,4,3,4,3,4,4,3,4,4,4,4,4,4,4,4,3,4,3,4
"104",104,1,4,4,4,4,4,4,4,4,3,3,4,4,3,4,3,3,3,3,3,4,4,3,4,4,4,3,4,3,3,4,4,4,4,4,4,4,4,4,4,4,4,4,4,3,4,3,4,4,3,4,4,4,4,4,4,4,4,3,4,3,4
"105",105,1,5,5,4,5,4,4,4,2,4,3,4,4,4,5,2,2,1,1,1,5,5,4,5,5,5,3,4,3,3,3,5,4,5,5,2,3,2,4,3,2,5,2,4,2,4,4,4,4,2,3,4,3,4,4,4,4,4,3,4,3,4
"106",106,1,5,5,4,4,4,4,5,4,3,3,4,5,4,4,4,1,4,3,3,3,5,4,4,5,5,3,3,4,5,4,5,3,2,4,4,4,4,4,4,4,4,4,4,3,4,3,4,4,3,4,4,4,4,4,4,4,4,3,4,3,4
"107",107,1,4,4,4,4,4,4,4,4,3,3,4,4,3,4,3,3,3,3,3,4,4,3,4,4,4,3,4,3,3,4,4,4,4,4,4,4,4,4,4,4,4,4,4,3,4,3,4,4,3,4,4,4,4,4,4,4,4,3,4,3,4
"108",108,1,5,5,5,5,4,3,5,5,3,5,5,4,3,4,3,3,3,3,3,5,4,5,4,4,4,3,4,3,3,4,4,4,4,4,4,4,4,4,4,4,4,4,4,3,4,3,4,4,3,4,4,4,4,4,4,4,4,3,4,3,4
"109",109,1,4,4,5,2,5,5,4,4,3,3,4,4,3,4,3,3,3,3,3,4,4,3,4,4,4,3,4,3,3,4,4,4,4,4,4,4,4,4,4,4,4,4,4,3,4,3,4,4,3,4,4,4,4,4,4,4,4,3,4,3,4
"110",110,2,4,4,4,4,4,4,4,4,3,3,4,4,3,4,3,3,3,3,3,4,4,3,4,4,4,3,4,3,3,4,4,4,4,4,4,4,4,4,4,4,4,4,4,3,4,3,4,4,3,4,4,4,4,4,4,4,4,3,4,3,4
"111",111,1,5,5,2,5,4,2,4,4,3,3,4,4,3,4,3,3,3,3,3,4,4,3,4,4,4,3,4,3,3,4,4,4,4,4,4,4,4,4,4,4,4,4,4,3,4,3,4,4,3,4,4,4,4,4,4,4,4,3,4,3,4
"112",112,1,4,4,3,4,4,4,3,4,4,5,4,4,1,3,4,4,4,4,4,4,4,3,4,4,4,3,4,3,3,4,4,4,4,4,4,4,4,4,4,4,4,4,4,3,4,3,4,4,3,4,4,4,4,4,4,4,4,3,4,3,4
"113",113,1,5,4,4,5,4,4,4,4,3,3,4,4,3,4,3,3,3,3,3,4,4,3,4,4,4,3,4,3,3,4,4,4,4,4,4,4,4,4,4,4,4,4,4,3,4,3,4,4,3,4,4,4,4,4,4,4,4,3,4,3,4
"114",114,2,4,3,5,4,4,5,4,3,1,4,1,4,3,3,5,1,3,4,1,2,4,3,3,1,5,1,3,3,3,4,1,4,4,5,5,5,4,4,3,5,3,3,5,5,3,1,1,3,5,5,3,4,3,2,4,1,3,4,2,2,5
"115",115,1,5,4,3,5,5,2,2,3,1,1,3,3,1,5,3,1,1,1,1,5,5,4,5,5,4,3,4,3,4,4,5,4,3,4,4,4,4,4,4,4,4,4,4,3,4,3,4,4,3,4,4,4,4,4,4,4,4,3,4,3,4
"116",116,1,2,5,4,5,2,4,5,4,3,4,4,4,3,4,2,4,3,3,4,4,4,3,2,3,3,3,1,1,1,1,5,1,5,4,4,4,4,4,4,4,4,4,4,3,4,3,4,4,3,4,4,4,4,4,4,4,4,3,4,3,4
"117",117,1,2,2,2,5,4,4,5,1,1,1,1,2,1,1,5,5,5,5,5,4,4,5,5,5,5,5,1,3,5,5,5,5,5,5,5,2,5,1,5,3,5,2,5,4,3,1,4,5,4,5,5,5,5,5,5,5,5,3,1,3,1
"118",118,2,5,4,4,5,4,4,5,4,4,3,4,4,5,4,3,3,3,1,1,5,3,4,4,4,4,4,4,4,2,3,3,4,4,4,4,4,4,4,4,4,4,4,4,3,4,3,4,4,3,4,4,4,4,4,4,4,4,3,4,3,4
"119",119,1,4,2,2,4,2,5,4,4,3,3,4,4,3,4,3,3,3,3,3,4,4,3,4,4,4,3,4,3,3,4,4,4,4,4,4,4,4,4,4,4,4,4,4,3,4,3,4,4,3,4,4,4,4,4,4,4,4,3,4,3,4
"120",120,2,4,5,4,5,5,4,5,4,5,5,5,5,5,5,4,2,3,5,4,4,4,3,4,4,4,3,4,3,3,4,4,4,4,4,4,4,4,4,4,4,4,4,4,3,4,3,4,4,3,4,4,4,4,4,4,4,4,3,4,3,4
"121",121,1,3,4,4,2,4,2,1,1,1,1,1,2,1,1,5,5,5,5,5,5,1,1,1,1,1,3,5,5,1,5,1,1,1,4,4,4,4,4,4,4,4,4,4,3,4,3,4,4,3,4,4,4,4,4,4,4,4,3,4,3,4
"122",122,1,5,5,5,5,4,5,5,5,5,5,5,5,5,5,1,1,1,1,1,5,5,5,5,5,5,3,5,5,5,5,5,5,5,5,5,5,2,4,5,4,2,5,5,4,5,1,5,2,1,5,4,5,4,4,4,4,4,3,4,3,4
"123",123,2,4,4,4,4,4,4,4,4,3,3,4,4,3,4,3,3,3,3,3,4,4,3,4,4,4,3,4,3,3,4,4,4,4,4,4,4,4,4,4,4,4,4,4,3,4,3,4,4,3,4,4,4,4,4,4,4,4,3,4,3,4
"124",124,2,5,4,4,5,4,4,5,5,5,5,5,5,5,5,4,4,4,3,4,5,5,4,5,5,5,4,5,4,4,4,3,4,4,4,4,4,4,4,4,4,4,4,4,3,4,3,4,4,3,4,4,4,4,4,4,4,4,3,4,3,4
"125",125,2,5,5,4,5,4,4,5,5,5,5,5,5,5,5,3,3,4,3,3,5,5,4,4,4,5,5,4,4,4,4,5,5,5,5,2,4,3,5,5,5,5,5,5,4,5,5,5,5,5,5,5,1,5,5,5,4,5,4,4,4,5
"126",126,2,4,4,4,4,4,4,4,4,3,3,4,4,3,4,3,3,3,3,3,4,4,3,4,4,4,3,4,3,3,4,4,4,4,4,4,4,4,4,4,4,4,4,4,3,4,3,4,4,3,4,4,4,4,4,4,4,4,3,4,3,4
"127",127,2,3,5,5,4,4,5,5,3,5,5,5,5,5,5,5,2,3,3,3,4,4,3,4,4,4,3,4,3,3,4,4,4,4,4,4,4,4,4,4,4,4,4,4,3,4,3,4,4,3,4,4,4,4,4,4,4,4,3,4,3,4
"128",128,1,5,4,5,5,4,4,4,4,3,3,4,4,3,4,3,3,3,3,3,4,4,3,4,4,4,3,4,3,3,4,4,4,4,4,4,4,4,4,4,4,4,4,4,3,4,3,4,4,3,4,4,4,4,4,4,4,4,3,4,3,4
"129",129,1,4,2,4,4,5,4,3,4,3,3,3,3,1,4,4,2,2,4,4,4,4,3,4,4,4,3,4,3,3,4,4,4,4,4,4,4,4,4,4,4,4,4,4,3,4,3,4,4,3,4,4,4,4,4,4,4,4,3,4,3,4
"130",130,1,1,4,4,4,4,2,5,3,5,4,4,4,5,1,1,1,3,1,1,5,5,5,5,5,5,3,5,3,5,5,5,5,5,4,4,4,4,4,4,4,4,4,4,3,4,3,4,4,3,4,4,4,4,4,4,4,4,3,4,3,4
"131",131,2,4,5,3,1,5,5,4,4,3,3,4,4,3,4,3,3,3,3,3,4,4,3,4,4,4,3,4,3,3,4,4,4,4,4,4,4,4,4,4,4,4,4,4,3,4,3,4,4,3,4,4,4,4,4,4,4,4,3,4,3,4
"132",132,2,4,3,4,1,5,4,5,4,1,4,3,4,1,5,2,3,4,4,4,4,5,3,4,5,5,3,4,2,5,5,5,5,2,4,4,4,4,4,4,4,4,4,4,3,4,3,4,4,3,4,4,4,4,4,4,4,4,3,4,3,4
"133",133,1,5,4,4,3,4,5,5,1,1,1,1,2,1,1,5,5,5,5,5,3,5,5,1,5,5,3,1,3,1,5,3,3,1,5,4,2,1,1,1,1,1,1,1,1,1,1,1,1,1,5,1,4,1,2,1,1,3,1,2,2,3
"134",134,2,1,1,1,1,1,1,4,4,3,3,4,4,3,4,3,3,3,3,3,4,4,3,4,4,4,3,4,3,3,4,4,4,4,4,4,4,4,4,4,4,4,4,4,3,4,3,4,4,3,4,4,4,4,4,4,4,4,3,4,3,4
"135",135,1,3,3,4,4,4,5,5,3,2,3,2,5,1,5,4,1,4,5,5,5,5,4,5,5,5,3,4,3,5,3,5,3,5,5,5,4,4,3,5,5,4,3,5,5,4,1,4,5,1,4,5,3,3,1,4,5,4,1,3,3,4
"136",136,2,5,5,5,5,5,5,5,5,5,5,5,5,5,5,5,3,5,5,5,5,5,5,5,5,5,3,5,5,5,5,5,5,5,5,5,5,5,5,5,5,5,5,5,5,5,5,5,5,5,5,5,5,5,5,5,5,5,5,5,5,5
"137",137,1,4,4,3,5,4,5,4,4,1,3,3,4,1,4,4,4,5,5,5,3,5,4,4,4,5,4,5,4,4,4,5,4,5,1,5,5,5,4,5,5,5,4,5,5,4,3,2,5,5,5,2,5,5,5,5,5,5,5,5,5,5
"138",138,1,4,4,4,5,4,5,5,5,3,3,5,5,4,5,5,3,2,3,3,3,5,5,5,5,5,5,5,5,5,5,5,5,5,4,4,4,4,4,4,4,4,4,4,3,4,3,4,4,3,4,4,4,4,4,4,4,4,3,4,3,4
"139",139,1,4,4,4,4,4,4,4,4,3,3,4,4,3,4,3,3,3,3,3,4,4,3,4,4,4,3,4,3,3,4,4,4,4,4,4,4,4,4,4,4,4,4,4,3,4,3,4,4,3,4,4,4,4,4,4,4,4,3,4,3,4
"140",140,1,4,5,5,5,5,5,5,5,1,4,3,5,4,4,4,4,3,3,4,4,5,4,5,5,4,4,4,4,5,5,4,4,3,4,4,4,4,4,4,4,4,4,4,3,4,3,4,4,3,4,4,4,4,4,4,4,4,3,4,3,4
"141",141,2,5,4,4,5,5,5,5,5,5,5,5,5,3,5,1,1,5,3,1,5,5,5,5,5,5,5,5,3,3,5,5,3,5,3,1,5,3,1,3,5,3,5,5,3,1,3,1,1,3,3,3,5,5,5,3,3,1,2,1,5,5
"142",142,1,5,5,5,5,5,5,5,5,5,5,5,5,5,5,5,5,5,5,5,5,5,5,5,5,5,3,5,5,5,5,5,5,5,5,5,5,5,5,5,5,5,5,5,5,5,2,5,5,1,2,2,5,4,4,4,4,4,4,4,4,4
"143",143,1,1,5,5,5,5,5,5,5,5,5,5,5,5,5,5,3,3,2,3,4,4,3,4,4,4,3,4,3,3,4,4,4,4,4,4,4,4,4,4,4,4,4,4,3,4,3,4,4,3,4,4,4,4,4,4,4,4,3,4,3,4
"144",144,1,3,3,3,3,3,3,4,4,3,3,4,4,3,4,3,3,3,3,3,4,4,3,4,4,4,3,4,3,3,4,4,4,4,4,4,4,4,4,4,4,4,4,4,3,4,3,4,4,3,4,4,4,4,4,4,4,4,3,4,3,4
"145",145,1,3,3,3,3,3,3,4,4,3,3,4,4,3,4,3,3,3,3,3,4,4,3,4,4,4,3,4,3,3,4,4,4,4,4,4,4,4,4,4,4,4,4,4,3,4,3,4,4,3,4,4,4,4,4,4,4,4,3,4,3,4
"146",146,1,2,3,2,3,4,5,5,3,5,4,1,2,5,5,1,5,4,5,5,5,5,4,3,2,3,5,4,2,1,5,1,1,1,5,5,5,4,5,5,5,5,5,5,5,5,2,2,3,3,2,4,5,4,5,5,4,5,4,4,4,3
"147",147,2,4,4,5,5,5,4,5,4,4,5,5,4,5,5,2,3,4,2,3,5,5,5,4,4,3,4,5,4,3,4,5,5,5,5,4,5,4,5,5,4,5,4,5,5,4,2,4,5,4,4,5,5,5,5,5,5,5,3,4,5,5
"148",148,2,3,4,2,1,4,4,5,5,5,5,5,5,1,5,1,1,1,1,1,5,5,1,1,5,5,1,1,1,1,1,5,1,5,4,2,2,5,3,5,5,5,4,4,4,3,3,2,4,2,5,5,5,2,3,4,4,5,5,1,1,1
"149",149,1,4,4,2,5,4,4,4,5,2,4,4,4,4,5,2,3,3,3,4,4,3,3,4,4,2,3,2,4,5,5,5,5,5,5,4,3,4,4,5,4,4,3,3,4,3,2,3,4,2,4,5,5,4,4,5,4,4,3,4,3,4
"150",150,1,3,3,3,4,4,4,3,4,4,2,3,3,3,4,4,3,4,3,3,3,4,5,4,4,3,3,2,3,4,3,2,2,3,4,3,3,2,2,3,3,4,4,3,3,2,3,2,3,5,3,4,4,4,3,3,4,3,2,3,2,2
"151",151,2,4,5,5,5,5,5,4,4,4,4,5,5,3,5,4,4,4,4,4,5,5,5,5,5,5,5,4,4,4,4,5,5,5,1,4,5,4,4,5,4,5,5,5,4,5,5,5,5,4,5,5,5,5,5,5,5,5,5,5,5,5
"152",152,2,4,5,5,5,4,4,4,5,5,5,5,4,4,4,3,3,5,3,1,5,5,5,5,5,5,4,3,3,3,3,5,4,4,5,3,3,3,5,1,5,5,4,5,1,5,1,5,1,1,5,3,5,5,5,5,5,4,5,5,5,5
"153",153,1,5,4,5,5,4,5,5,1,1,5,5,5,1,5,5,5,5,1,1,1,5,5,5,5,5,5,1,5,1,1,5,1,5,4,5,3,2,5,5,4,1,5,5,5,4,5,2,5,1,1,5,5,3,3,4,3,5,2,3,1,3
"154",154,2,4,3,3,1,4,4,5,4,3,3,3,3,1,3,3,4,4,3,2,4,5,3,4,5,4,3,1,3,4,5,3,3,1,5,4,3,3,5,5,4,4,4,4,3,3,3,2,3,2,2,3,2,4,4,4,2,4,1,1,2,1
"155",155,2,5,5,5,5,5,5,5,5,5,5,5,5,5,5,5,5,5,5,5,5,5,5,5,5,1,5,1,3,4,5,5,3,3,5,5,5,5,5,3,5,5,5,5,5,5,5,5,5,2,3,5,5,5,5,5,5,5,5,5,5,5
"156",156,1,2,2,3,4,4,4,5,5,5,5,5,5,5,5,1,1,1,1,1,5,5,1,5,5,1,1,5,1,5,5,5,5,5,2,4,4,2,3,3,3,4,3,4,2,4,3,3,2,2,4,2,3,2,2,2,2,1,2,2,2,1
"157",157,1,5,5,5,4,4,4,5,1,1,1,1,5,5,5,5,1,5,5,1,5,5,5,5,5,5,5,5,5,5,5,5,5,5,4,4,4,4,4,5,4,4,4,5,5,4,4,4,4,4,4,5,3,3,5,5,5,3,5,5,5,5
"158",158,1,4,5,3,3,2,3,3,5,4,5,5,5,3,4,2,2,3,1,1,3,5,2,5,5,5,5,5,3,2,3,4,5,4,5,4,2,5,5,5,5,3,3,2,4,3,4,3,2,3,4,3,3,2,2,2,1,4,2,2,3,3
"159",159,1,5,5,5,5,1,5,5,5,5,1,1,5,1,5,5,1,5,1,1,5,5,5,5,5,5,5,1,1,5,5,5,5,5,5,1,5,5,5,1,5,5,5,5,5,5,5,5,5,5,5,5,5,5,5,5,5,5,5,5,5,5
"160",160,2,4,5,4,5,5,4,1,2,2,2,1,2,1,4,5,5,5,5,5,3,5,3,5,3,5,4,4,4,5,4,4,3,3,4,5,3,3,4,2,5,5,4,5,3,5,4,4,5,3,3,2,3,5,4,4,5,4,2,5,4,2
"161",161,1,5,5,5,5,5,5,5,5,5,1,5,5,5,5,5,1,1,5,1,5,5,5,5,5,5,5,5,5,5,5,5,5,5,5,5,5,5,5,5,5,5,5,5,5,5,5,5,5,1,5,5,5,4,5,4,4,4,5,5,5,5
"162",162,2,4,5,2,5,4,4,5,5,1,1,5,5,5,5,4,4,2,2,2,2,4,2,2,5,5,1,2,1,1,2,5,4,4,2,5,3,5,5,5,4,4,5,2,3,4,1,3,4,2,3,3,2,3,3,4,4,4,3,4,3,4
"163",163,1,4,4,4,5,4,5,5,3,3,3,4,3,3,4,3,2,3,2,2,4,5,4,5,5,3,3,5,1,1,2,5,3,5,5,5,5,5,4,4,5,5,2,5,2,5,1,4,5,2,5,5,2,4,5,5,4,5,5,5,5,5
"164",164,2,5,3,5,5,4,3,5,5,1,5,5,2,1,5,5,1,1,1,1,5,5,5,5,5,5,1,1,1,5,5,1,1,5,5,5,4,5,3,5,5,5,5,5,4,5,3,5,5,1,2,5,5,5,4,4,4,5,3,5,5,5
"165",165,1,5,3,5,5,5,5,5,5,1,1,1,5,1,5,1,5,1,5,1,1,5,5,5,1,5,1,5,1,5,1,5,5,5,5,1,2,3,4,5,4,3,2,1,2,3,4,5,4,2,1,1,1,4,1,5,3,2,3,4,2,2
"166",166,1,4,4,4,5,5,4,5,5,5,1,1,5,1,5,5,1,1,1,1,5,5,5,5,5,5,5,5,1,5,5,5,5,5,5,5,4,5,5,5,5,5,4,5,5,4,3,4,5,4,5,5,5,3,3,3,4,5,4,2,1,2
"167",167,2,2,4,1,5,4,4,1,1,1,5,5,2,1,1,1,1,1,1,5,5,5,1,5,5,5,5,5,5,1,1,5,5,1,5,5,5,5,5,5,5,5,5,5,1,5,1,5,5,5,1,5,5,5,5,5,5,5,5,5,1,5
"168",168,1,3,4,4,5,4,3,5,5,5,5,5,5,5,5,2,2,2,2,2,3,5,3,3,4,4,3,3,2,2,3,4,2,4,4,5,3,2,4,5,5,4,5,5,4,5,3,5,4,5,5,4,5,4,4,4,4,5,3,3,4,3
"169",169,2,5,5,4,5,5,4,5,5,5,5,5,5,5,5,5,1,3,3,3,5,3,3,5,5,3,3,5,3,5,5,5,5,3,5,5,5,2,3,3,4,4,5,5,3,4,3,5,3,3,4,4,4,4,5,5,5,4,3,5,5,5
"170",170,1,5,4,4,5,4,5,5,5,4,4,5,5,3,5,4,1,3,4,2,5,5,4,4,4,3,4,4,4,3,4,3,4,3,1,5,5,5,3,1,5,5,5,5,5,5,5,5,5,1,5,5,5,5,5,5,5,5,4,5,5,5
"171",171,2,5,4,5,5,3,4,3,3,4,4,4,4,1,4,4,2,3,2,2,3,3,4,4,3,3,3,4,4,3,4,4,4,4,4,4,4,4,4,4,4,4,3,4,5,4,4,3,5,4,4,5,4,5,4,4,5,3,5,4,4,4
"172",172,1,4,5,4,5,5,4,5,4,4,1,4,4,1,5,1,5,5,1,1,5,1,1,5,5,5,1,5,5,5,1,5,5,1,4,2,2,5,4,2,5,5,3,5,5,5,1,2,4,4,4,4,2,4,3,3,3,3,2,2,3,3
"173",173,2,5,4,4,5,4,4,1,1,5,1,5,5,5,1,5,5,5,1,1,5,5,5,5,5,5,5,1,5,5,5,5,5,5,4,5,5,5,2,5,5,5,4,5,4,4,4,3,4,2,5,5,1,5,4,5,5,4,2,2,1,2
"174",174,1,5,3,4,5,5,3,5,5,1,1,1,5,1,5,5,1,5,1,5,1,5,5,1,5,5,1,5,5,1,1,5,5,5,2,3,5,5,5,5,5,5,5,5,5,3,4,4,5,5,4,5,5,1,5,3,2,4,5,5,4,5
"175",175,2,4,4,4,5,4,4,3,3,4,3,5,5,5,4,4,2,2,3,3,2,4,2,4,4,3,2,4,3,3,3,5,4,5,3,3,5,2,5,3,3,3,3,4,3,3,2,3,4,3,5,4,4,5,5,5,5,4,4,4,3,4
"176",176,1,4,3,4,5,5,5,5,5,5,1,5,5,1,5,5,1,5,5,1,5,5,5,5,5,5,5,1,1,5,5,5,5,5,1,3,3,4,2,3,5,3,4,4,4,3,1,2,3,1,3,4,1,4,3,3,4,4,4,4,3,4
"177",177,1,4,5,2,5,4,2,5,1,1,5,5,5,5,5,5,1,1,1,1,5,5,5,5,5,5,1,5,1,1,5,5,1,5,5,5,5,4,3,5,5,5,4,5,4,5,2,5,3,2,3,2,4,5,5,5,5,5,4,5,5,5
"178",178,2,5,5,5,5,5,5,5,3,2,3,2,4,2,4,4,2,4,3,3,4,5,4,5,5,4,5,5,5,4,3,5,5,5,4,3,4,4,4,3,4,3,3,3,5,4,4,3,4,4,5,5,5,5,5,4,5,4,4,4,5,5
"179",179,1,4,4,2,2,4,4,3,5,5,5,5,5,2,5,2,1,4,2,2,4,4,3,5,4,4,2,3,2,4,5,5,3,5,5,5,3,4,3,5,5,5,2,5,3,2,3,2,4,1,5,3,4,3,4,4,3,5,2,2,5,4
"180",180,1,5,4,4,5,4,5,5,5,3,4,5,5,4,4,4,1,1,3,3,5,5,4,4,5,4,5,5,3,1,4,5,5,5,1,5,5,2,5,4,5,5,5,5,1,5,2,5,4,1,5,5,5,4,5,4,3,3,3,5,5,5
"181",181,2,4,5,5,3,5,4,1,1,1,5,5,5,5,5,5,1,5,1,1,5,5,5,5,5,5,5,5,1,1,5,1,1,1,5,5,5,3,4,5,5,5,5,2,4,5,1,5,5,5,5,5,5,5,5,5,5,5,5,5,4,5
"182",182,1,2,4,2,5,4,4,5,4,4,4,4,4,3,5,3,4,2,3,1,4,5,2,4,5,5,4,3,4,1,1,5,3,5,5,5,5,5,4,5,5,5,5,5,5,3,5,5,3,5,5,5,2,3,3,5,5,2,3,2,2,5
"183",183,2,4,4,3,5,4,2,4,3,4,5,5,5,4,3,3,3,2,3,2,4,3,3,4,4,5,3,3,3,4,5,3,5,4,3,4,4,4,3,2,5,5,5,5,5,5,4,4,5,4,4,3,4,4,5,5,4,4,5,3,4,4
"184",184,1,5,4,4,5,4,5,5,4,4,4,4,5,3,5,4,3,3,4,4,5,5,4,4,3,5,3,4,2,3,3,3,3,3,4,5,5,3,5,4,5,3,5,4,3,5,1,5,2,3,5,3,3,3,5,5,4,5,3,3,3,4
"185",185,1,5,5,4,5,4,4,5,5,1,1,1,5,1,5,5,1,1,5,5,1,1,5,5,5,5,5,5,5,5,5,1,5,5,5,5,3,2,2,5,5,4,4,5,1,4,4,5,5,4,5,4,2,5,5,4,4,5,4,5,1,1
"186",186,1,3,3,3,4,4,5,5,5,5,5,5,5,5,5,5,1,3,4,1,5,2,1,5,5,4,4,5,4,5,5,5,5,5,5,5,5,4,5,4,4,4,5,5,4,4,4,4,4,1,5,5,5,4,5,4,4,4,4,4,4,4
"187",187,1,3,5,4,5,5,4,5,5,5,5,5,5,1,5,1,5,5,1,1,5,5,5,5,5,5,5,5,1,5,5,5,5,5,5,5,5,2,3,5,5,5,5,5,1,5,1,5,5,1,5,1,5,5,5,5,5,4,4,5,1,4
"188",188,2,5,5,5,4,5,5,5,5,4,5,5,5,3,5,3,3,3,3,3,5,5,5,5,5,4,5,5,4,4,3,5,4,4,5,4,4,4,5,4,4,5,5,5,3,5,5,5,4,4,4,5,5,4,4,3,3,4,3,3,2,3
"189",189,2,2,4,4,4,4,4,5,5,4,1,3,4,4,4,4,3,4,1,3,4,5,3,5,5,3,1,3,4,3,3,1,3,5,5,5,5,5,5,5,5,5,3,5,4,5,1,5,5,1,5,2,3,5,4,5,5,5,4,5,5,4
"190",190,2,5,4,4,5,4,5,4,4,1,1,1,4,1,4,5,4,5,4,5,4,5,4,4,5,5,4,4,1,3,5,4,4,4,3,4,4,1,3,4,4,5,4,3,4,3,2,3,5,3,4,3,4,5,4,4,4,1,1,1,3,3
"191",191,1,1,4,4,4,1,1,5,5,5,5,5,5,1,5,1,1,1,1,1,5,5,1,5,5,5,5,5,5,5,5,5,5,5,5,5,5,5,4,5,5,5,5,5,5,5,1,5,5,4,5,5,5,3,3,4,3,5,2,2,4,3
"192",192,1,4,3,3,5,4,5,5,5,5,5,5,5,1,5,3,4,4,5,5,5,5,4,4,5,4,4,5,4,3,4,2,4,5,5,5,4,4,4,5,5,3,4,5,5,4,3,4,5,4,5,5,4,5,5,5,4,4,5,5,4,4
"193",193,2,4,5,5,4,4,5,5,4,3,2,4,4,4,5,2,2,2,3,2,5,5,5,5,5,4,4,3,4,3,5,5,5,4,5,5,5,3,5,4,5,5,4,5,2,3,3,4,3,3,4,4,4,3,5,3,4,5,4,4,4,4
"194",194,1,2,2,2,3,3,3,1,1,1,1,1,2,1,1,1,1,1,1,1,1,1,1,1,1,1,1,1,1,1,1,1,1,1,5,3,5,5,5,5,1,1,5,5,5,5,3,4,2,4,4,5,5,2,4,1,1,5,1,1,1,1
"195",195,1,4,2,5,1,5,5,5,5,5,5,5,5,5,5,5,5,5,5,5,5,1,1,1,1,4,5,5,1,1,1,5,1,5,5,5,5,1,3,3,5,3,5,5,5,5,1,5,4,5,5,5,5,4,3,5,3,4,4,5,5,5
"196",196,1,5,5,2,5,2,1,5,1,5,1,1,2,1,5,1,1,1,1,1,5,5,1,1,5,5,5,5,5,5,5,5,5,1,5,5,5,5,5,5,5,5,5,5,1,5,4,5,5,5,5,5,5,4,5,5,4,4,5,4,4,5
"197",197,2,4,5,5,5,5,5,5,5,5,3,3,4,5,4,4,3,4,3,4,4,5,4,4,5,5,5,5,4,5,5,4,4,5,5,5,5,5,4,5,5,5,5,3,3,3,5,5,3,1,3,3,3,3,4,4,3,3,3,4,3,3
"198",198,1,4,3,3,5,3,5,5,5,5,5,4,4,4,4,4,5,2,3,5,5,5,4,5,5,5,5,3,1,5,5,1,1,1,4,4,5,5,4,3,5,5,5,5,5,5,1,5,1,1,5,5,5,5,5,5,5,5,5,5,5,5
"199",199,1,4,4,2,5,4,4,5,1,1,1,1,2,1,1,1,1,3,1,5,5,1,1,5,5,4,1,1,1,1,1,5,5,5,5,5,4,5,4,5,5,4,4,5,4,4,1,4,5,4,4,4,4,4,4,4,4,4,4,4,3,4
"200",200,2,4,2,4,1,4,5,5,5,2,1,2,3,4,1,4,1,1,1,5,5,5,1,5,5,5,5,5,1,5,5,1,5,2,5,5,4,2,5,2,5,5,5,5,2,3,4,4,5,2,5,5,5,5,5,5,5,3,5,2,1,3
"201",201,1,4,5,2,5,5,5,5,5,5,5,5,5,5,5,5,1,1,1,1,5,5,1,5,5,5,1,5,5,1,5,5,5,1,5,5,5,2,4,1,5,2,2,5,1,5,1,4,5,1,5,1,5,4,4,5,5,4,5,3,3,1
"202",202,2,4,3,2,4,4,3,1,3,1,1,3,4,4,5,4,1,4,1,2,5,4,5,5,5,5,5,1,1,1,1,1,1,1,1,4,3,4,3,3,3,3,3,4,4,4,1,4,4,1,4,4,4,4,4,4,4,4,3,4,3,4
"203",203,2,4,5,3,4,5,4,5,5,5,5,5,5,1,5,2,2,1,1,1,4,5,4,5,5,4,2,3,3,3,4,4,3,4,4,4,5,3,5,3,5,1,5,5,4,5,5,4,3,5,5,3,5,5,5,5,5,4,3,3,3,5
"204",204,2,5,4,2,4,2,4,5,5,1,3,5,5,3,3,3,4,4,4,3,2,5,5,5,5,5,3,1,3,4,4,5,5,1,5,5,3,5,3,5,5,5,2,5,2,2,4,3,5,4,5,4,4,1,3,4,2,2,2,2,1,3
"205",205,2,5,5,5,5,5,5,5,5,4,4,4,5,5,5,5,3,5,5,5,4,3,4,5,3,4,5,3,4,5,3,4,5,4,5,5,5,5,4,5,5,5,4,5,4,5,4,5,4,5,4,5,4,5,5,5,5,5,5,5,5,5
"206",206,1,5,5,4,4,2,4,5,5,1,5,5,5,1,5,1,1,1,1,1,5,5,5,5,5,5,1,1,1,1,1,5,5,5,5,3,5,3,5,4,5,4,5,1,3,5,5,5,3,3,5,3,3,5,5,5,5,3,5,5,5,5
"207",207,2,2,4,4,3,4,4,2,1,3,4,2,2,2,1,3,2,3,2,3,1,2,3,2,4,3,2,3,2,3,2,3,2,3,4,3,2,4,3,2,2,2,3,4,2,4,4,2,4,4,4,3,4,1,4,2,3,2,3,4,2,3
"208",208,2,3,5,5,5,5,5,5,1,1,1,1,2,1,1,1,5,5,5,5,1,5,5,5,5,5,5,5,5,5,5,5,5,5,5,5,5,5,5,5,5,5,5,5,5,5,5,5,5,5,5,5,5,3,3,3,3,3,3,3,3,3
"209",209,1,4,5,5,5,5,5,5,5,5,5,5,5,5,5,5,5,1,1,1,5,5,5,5,5,5,5,5,5,1,1,5,1,1,4,4,4,4,3,5,5,3,4,4,5,5,2,4,4,4,5,5,5,4,5,5,4,5,5,5,5,5
"210",210,1,5,5,5,5,3,4,5,5,1,3,3,3,1,5,5,1,4,3,5,5,3,3,5,4,5,4,5,5,4,5,1,3,1,5,5,5,3,5,5,5,5,4,5,3,4,1,5,5,3,4,3,5,5,5,5,5,5,5,3,5,5
"211",211,1,4,5,1,4,4,3,4,3,2,1,2,3,2,4,2,3,4,4,4,1,4,3,4,4,4,1,1,1,3,3,1,3,4,2,4,4,4,3,4,3,2,2,4,1,4,1,2,2,4,2,2,4,2,2,2,2,1,1,2,2,2
"212",212,1,4,5,5,5,5,4,5,1,1,1,5,5,5,5,1,1,1,1,1,5,5,1,5,5,1,1,1,1,1,1,1,1,5,1,5,5,5,4,5,5,3,2,5,5,5,1,5,2,1,5,5,5,3,3,5,5,5,5,5,1,5
"213",213,1,4,5,4,5,4,4,5,5,3,5,1,2,5,5,5,1,5,5,1,5,5,5,5,5,5,5,5,5,1,5,5,5,5,5,5,5,4,4,5,5,5,5,5,5,5,5,5,5,5,5,5,5,5,5,5,5,5,5,5,5,5
"214",214,1,2,2,1,5,4,4,5,5,1,1,5,5,1,5,5,5,5,1,1,1,5,1,5,5,5,5,5,1,1,1,1,5,1,5,5,5,2,5,2,5,5,5,5,2,5,5,5,5,1,5,5,5,5,5,5,5,5,5,5,5,5
"215",215,1,5,5,5,5,5,5,4,4,2,4,4,5,5,5,5,4,4,4,4,5,5,5,5,5,5,4,4,3,3,3,1,3,4,3,2,5,4,3,4,4,3,4,5,5,5,3,5,5,4,3,5,4,5,5,5,5,5,5,5,5,5
"216",216,2,5,4,4,4,2,4,5,1,1,5,1,5,1,5,5,5,5,5,5,5,5,5,5,5,5,5,5,5,1,1,5,5,5,5,5,5,5,5,5,5,5,4,5,1,5,3,4,5,3,5,5,5,5,4,5,5,5,2,3,1,4
"217",217,1,4,5,5,5,4,4,5,5,5,5,5,5,5,5,5,5,5,5,1,5,5,5,5,5,5,5,5,5,5,5,1,5,5,5,5,4,5,3,5,5,5,3,3,5,4,5,3,5,5,4,5,5,2,3,2,2,4,4,5,4,4
"218",218,1,4,4,5,5,5,5,5,5,5,5,4,5,5,5,5,5,4,4,1,5,5,4,5,5,5,3,1,3,5,5,1,5,5,5,5,5,5,3,4,5,5,5,5,4,5,5,5,5,1,4,4,5,4,4,5,5,4,4,5,5,5
"219",219,1,4,4,4,5,3,5,5,5,5,5,5,5,5,5,5,1,5,1,5,5,5,1,5,5,5,1,1,1,5,5,5,1,5,3,5,5,2,5,4,4,5,3,2,4,4,4,2,4,1,2,4,3,5,3,5,5,5,5,5,5,2
"220",220,1,5,5,4,4,4,4,4,4,2,2,4,5,3,5,5,1,4,4,4,5,5,5,5,5,5,5,5,5,5,5,5,5,5,1,1,2,1,1,1,2,2,1,2,1,4,4,4,4,2,4,4,4,4,4,4,4,4,4,4,4,5
"221",221,1,4,3,4,5,4,4,5,5,1,3,4,4,4,5,3,2,1,2,2,3,5,1,2,2,5,2,2,2,3,4,5,5,5,5,5,4,5,5,5,5,5,3,5,2,4,4,4,5,1,5,5,5,3,3,3,3,5,3,4,1,1
"222",222,1,5,4,4,5,3,4,5,1,5,1,5,2,1,1,1,1,1,1,1,5,5,1,5,5,5,5,1,5,5,5,5,5,1,5,5,4,1,4,3,5,2,1,5,1,5,5,2,2,5,5,3,4,4,5,5,2,2,5,5,1,1
"223",223,2,5,5,4,5,3,4,4,3,2,1,1,2,1,5,1,4,4,3,4,5,3,4,4,3,4,3,4,1,1,1,1,1,1,5,3,4,5,5,5,5,3,4,3,5,5,4,4,2,5,5,5,5,5,5,4,5,5,3,5,5,5
"224",224,1,2,2,5,4,4,5,4,5,1,3,1,5,1,5,5,2,3,2,3,4,5,2,4,5,5,4,5,3,5,5,4,3,2,5,5,4,4,5,4,5,5,5,5,5,5,1,3,5,1,5,5,5,3,3,4,4,4,4,2,4,5
"225",225,1,2,1,3,4,2,2,5,5,5,1,5,5,5,5,4,5,5,5,1,5,5,3,4,5,5,3,1,5,3,4,1,4,3,5,5,3,5,4,5,5,5,4,5,3,4,5,4,5,2,4,5,1,4,5,5,5,5,5,5,4,4
"226",226,1,2,1,2,3,5,2,5,5,5,1,5,5,5,1,5,1,1,1,5,5,5,1,5,5,5,5,5,5,5,5,5,5,1,5,5,2,5,4,3,5,3,2,4,1,4,1,2,4,3,4,5,5,4,4,3,4,5,5,3,1,1
"227",227,1,1,5,5,5,5,5,5,1,1,1,1,2,1,1,5,5,5,5,5,5,5,5,5,5,5,5,5,5,5,5,5,5,5,5,5,5,5,5,5,1,5,5,5,5,1,1,1,5,1,5,5,5,1,1,5,1,5,1,5,1,1
"228",228,2,2,5,5,4,3,3,3,2,1,3,4,4,2,3,3,1,3,1,1,4,5,4,5,5,5,4,4,5,3,5,5,5,5,4,5,2,5,4,3,2,3,5,5,4,5,5,5,5,3,4,4,5,2,2,3,3,4,3,4,3,4
"229",229,1,3,1,2,3,5,2,5,5,5,1,5,5,5,1,5,1,1,1,5,5,5,1,5,5,5,5,5,5,5,5,5,5,1,3,5,2,5,4,4,5,3,2,4,1,4,1,2,4,1,4,1,5,5,4,4,4,5,5,5,1,3
"230",230,2,5,5,5,5,5,5,5,5,5,5,5,5,5,5,5,5,5,5,5,1,5,1,5,5,5,5,5,5,5,5,5,5,5,4,3,5,3,3,5,5,5,5,5,3,5,3,3,3,3,3,3,3,3,4,4,3,4,4,4,4,4
"231",231,2,4,4,3,5,4,4,4,2,2,3,3,3,4,4,4,5,5,4,4,2,5,5,5,5,5,4,3,4,5,5,5,5,5,5,5,4,5,5,5,5,5,5,5,5,5,3,3,5,4,5,5,5,3,4,5,5,5,5,5,2,5
"232",232,1,3,1,2,3,5,2,5,5,5,1,5,5,5,1,5,1,1,1,5,5,5,1,5,5,5,5,5,5,5,5,5,5,1,5,5,2,5,4,4,5,3,2,4,1,4,1,1,4,1,4,5,5,5,5,5,4,5,1,1,4,1
"233",233,2,4,5,5,5,5,5,5,5,5,1,5,5,5,5,1,4,3,2,3,5,5,4,5,5,4,5,3,4,4,5,5,5,4,3,5,5,4,4,5,5,5,2,5,1,2,5,3,5,2,3,4,5,4,4,4,4,4,3,4,3,4
"234",234,2,3,5,4,3,5,3,5,5,5,1,1,5,1,1,5,1,5,5,5,5,1,1,5,1,1,1,5,1,5,5,5,5,5,3,4,4,3,4,3,4,4,5,4,3,2,1,1,2,3,4,5,4,4,3,3,5,3,3,3,1,3
"235",235,1,5,4,4,5,3,4,5,5,5,5,5,5,5,5,5,5,1,1,1,5,5,5,5,5,5,5,5,1,1,1,5,5,5,4,5,3,5,5,5,5,5,5,5,5,5,5,5,5,4,5,5,4,1,2,2,1,1,1,1,2,1
"236",236,1,4,4,4,5,4,4,5,4,2,4,3,4,1,5,4,1,4,5,4,4,4,2,5,5,4,1,5,2,2,4,5,5,5,5,5,5,2,5,5,5,4,5,5,5,5,5,5,4,1,5,5,5,5,4,4,4,3,1,2,1,2
"237",237,2,4,3,2,3,2,4,5,4,4,2,2,2,1,2,3,2,4,1,2,5,5,5,5,5,5,5,4,5,4,4,4,4,5,5,4,4,3,4,3,4,4,5,5,5,5,5,5,5,4,5,4,5,5,5,5,5,5,5,5,4,5
"238",238,2,5,4,3,4,5,5,1,5,5,5,1,5,5,5,5,1,1,5,5,1,5,1,1,5,5,1,5,1,1,5,5,5,1,5,5,4,5,1,5,5,5,5,5,5,5,5,5,5,5,5,5,5,1,1,1,5,5,4,4,5,3
"239",239,2,4,4,4,4,4,4,3,5,3,4,5,5,3,3,3,3,3,4,5,5,4,3,5,3,3,3,4,3,4,4,4,4,4,3,5,3,4,5,4,3,5,3,5,4,4,5,3,4,2,4,5,4,4,4,3,5,5,5,5,3,3
"240",240,2,5,5,4,2,5,4,4,5,3,3,4,5,3,5,4,5,4,5,5,4,4,4,4,4,5,5,5,5,3,5,5,4,4,5,5,5,5,4,4,3,5,4,5,2,5,5,4,2,2,5,5,5,4,4,4,5,5,1,4,2,5
"241",241,1,4,4,3,2,4,4,5,1,1,1,1,2,1,5,1,1,1,3,2,4,5,4,3,5,5,3,2,4,2,4,5,4,5,3,5,4,3,4,4,5,5,4,4,3,4,5,3,5,3,4,5,5,5,4,4,5,4,4,3,2,2
"242",242,1,4,4,2,4,4,4,5,5,5,1,1,5,5,5,5,1,1,1,1,5,4,1,5,5,3,1,2,2,1,5,1,3,3,5,5,3,5,4,5,5,5,4,5,5,5,4,4,5,4,4,3,4,2,2,3,3,4,3,3,2,4
"243",243,1,3,3,3,1,3,3,4,5,5,5,5,5,1,5,5,5,5,3,1,1,5,3,4,5,5,3,5,5,3,5,5,3,5,5,5,5,3,4,4,5,3,2,3,3,3,1,2,3,1,5,3,1,1,1,5,1,3,3,5,2,2
"244",244,2,3,4,2,1,4,4,5,5,1,1,5,2,1,5,1,1,5,1,1,5,5,1,5,5,5,5,1,1,3,3,3,5,1,5,4,4,5,5,5,5,5,5,5,2,5,5,2,3,1,3,3,5,2,1,3,1,5,4,1,1,1
"245",245,2,5,5,5,5,5,5,5,5,1,5,1,5,1,5,5,5,5,5,5,5,5,5,5,5,5,5,5,5,5,5,5,5,5,5,5,5,4,4,3,5,4,3,5,3,2,5,1,5,2,3,4,5,5,5,4,4,5,4,5,4,2
"246",246,2,3,5,4,5,2,5,5,5,5,5,5,5,5,5,5,5,5,5,5,1,1,1,5,5,1,1,1,5,5,5,1,5,5,3,1,4,3,4,1,5,4,3,2,1,5,1,5,3,2,4,5,5,5,2,5,4,3,1,2,5,4
"247",247,2,4,4,5,5,4,5,2,2,2,3,3,5,3,4,4,4,5,3,1,5,4,3,4,5,4,4,4,3,3,4,4,3,3,3,4,4,5,5,5,5,5,4,4,4,5,3,3,4,3,3,4,4,4,3,3,4,4,5,3,5,5
"248",248,1,5,5,5,5,5,5,4,5,5,5,5,5,5,5,5,5,5,5,5,5,5,5,5,5,5,5,5,5,1,5,5,1,5,5,3,5,2,2,3,5,5,5,5,2,5,5,3,2,5,5,5,5,5,5,5,5,5,5,5,5,5
"249",249,1,4,4,5,5,4,4,5,5,5,4,4,5,5,5,4,4,5,4,2,5,4,2,2,2,4,3,3,4,3,2,2,3,2,5,5,4,2,4,4,5,5,5,5,5,5,1,5,5,3,5,5,4,5,5,5,5,5,5,5,5,5
"250",250,1,2,4,4,5,2,3,5,5,1,1,5,2,1,5,5,5,5,5,5,3,5,5,5,5,5,4,3,4,4,4,4,3,4,5,4,4,3,4,4,5,5,4,3,4,5,4,5,3,5,3,5,4,4,4,3,4,4,4,3,4,4
"251",251,1,4,2,4,5,4,4,5,1,3,1,1,5,3,5,5,5,5,5,5,3,2,5,5,5,5,5,4,3,4,5,5,5,5,5,5,5,3,4,4,5,5,5,5,4,3,1,5,5,2,5,4,2,4,5,5,5,5,5,5,5,5
"252",252,2,5,5,5,5,5,5,5,5,5,5,5,5,1,5,5,5,5,5,5,5,5,5,5,5,5,5,5,5,5,5,5,5,5,5,5,5,2,5,5,5,5,5,5,5,5,5,5,5,1,5,5,5,5,5,5,5,5,5,5,5,5
"253",253,1,2,4,2,5,5,4,5,3,2,2,2,2,2,4,4,5,5,3,3,4,5,5,5,5,5,5,5,4,4,5,5,5,5,5,5,5,4,5,5,5,5,5,5,2,5,5,5,3,3,5,5,5,5,5,5,5,5,1,5,1,5
"254",254,1,5,4,5,5,5,5,5,5,1,1,1,5,3,5,1,5,5,5,5,5,5,5,5,5,5,5,5,5,1,1,1,1,1,5,5,5,5,5,4,5,5,5,5,2,5,5,5,2,5,5,3,5,4,3,5,5,5,5,5,5,5
"255",255,1,2,4,4,5,4,3,5,5,5,5,5,5,1,5,5,1,1,5,5,5,4,5,5,5,5,1,5,5,5,5,1,4,1,5,5,5,1,2,2,5,5,5,5,5,5,1,5,2,3,5,5,1,5,5,3,5,2,3,5,5,5
"256",256,1,5,5,3,2,4,3,5,5,1,1,5,2,1,5,1,1,5,5,5,4,4,3,4,4,4,3,4,3,3,4,4,4,4,5,5,5,5,5,1,5,5,5,5,5,5,1,5,5,1,5,1,5,5,3,3,3,3,3,3,3,3
"257",257,2,1,4,4,4,4,4,1,4,3,3,4,4,3,4,3,3,3,3,3,1,4,3,4,4,4,3,4,3,3,4,4,4,4,3,4,4,4,4,4,4,4,4,4,3,4,3,4,4,3,4,4,4,4,4,4,4,4,3,4,3,4
"258",258,1,5,4,4,5,5,5,5,1,1,1,5,2,1,1,5,5,5,5,5,5,5,5,5,5,5,5,5,1,5,1,1,5,5,5,5,5,5,5,1,5,1,5,5,3,1,5,5,5,1,5,1,5,5,5,5,5,5,5,5,5,5
"259",259,2,5,2,1,1,2,5,5,5,3,5,1,5,1,5,1,5,5,5,5,5,5,1,1,5,5,5,5,1,5,1,5,5,1,2,5,3,4,1,1,5,1,5,3,5,1,1,4,4,3,4,4,4,4,4,4,4,4,3,4,3,4
"260",260,2,5,5,5,5,5,5,1,1,1,5,1,5,1,5,5,5,5,5,5,1,1,1,1,5,5,5,1,5,5,1,5,5,5,5,5,5,5,5,5,1,5,5,5,3,4,3,3,4,4,5,5,5,5,5,5,5,5,5,5,5,5
"261",261,2,4,4,3,3,2,3,1,5,5,1,5,5,1,5,5,1,1,1,1,5,5,5,5,5,5,1,1,5,5,5,5,5,1,5,5,5,2,3,4,5,5,3,5,1,4,1,3,2,5,5,5,3,5,5,5,5,5,5,5,5,5
"262",262,2,5,5,5,5,5,5,5,5,5,5,5,5,5,5,5,5,5,5,5,5,5,5,5,5,5,5,5,5,5,5,5,5,5,4,4,4,4,4,4,4,4,4,4,4,4,4,4,4,4,4,4,4,4,4,4,4,4,3,4,3,4
"263",263,1,5,5,3,5,4,4,5,4,3,3,3,4,4,4,4,2,5,4,5,5,5,5,4,4,4,3,4,3,3,3,3,3,4,3,4,4,5,4,5,4,5,5,5,5,4,4,4,4,3,4,5,3,5,5,5,5,5,5,5,5,5
"264",264,2,4,5,5,4,4,3,5,5,1,5,1,5,5,5,5,1,1,1,5,5,5,1,5,5,5,5,5,1,1,4,5,1,5,5,5,5,5,1,1,5,5,5,5,2,5,4,5,5,1,5,5,5,4,4,4,4,4,3,4,3,4
"265",265,2,5,4,3,5,5,5,5,1,1,1,1,2,5,5,1,5,1,1,1,5,5,5,5,5,5,5,5,5,1,1,5,5,1,5,5,5,2,5,3,4,5,3,5,4,5,1,5,5,1,5,5,5,5,5,5,5,5,2,5,5,2
"266",266,1,5,4,4,5,5,5,5,5,5,3,3,5,4,5,4,2,2,3,3,5,4,4,4,4,5,4,1,2,4,4,3,3,3,5,5,5,4,4,3,5,3,4,5,3,3,4,4,3,2,4,3,3,5,5,5,5,4,5,5,5,5
"267",267,1,5,5,5,4,4,5,5,5,1,1,1,5,1,5,5,1,1,1,1,5,5,1,5,5,5,5,1,5,1,1,5,1,5,5,5,5,5,2,5,5,5,5,5,5,5,2,5,5,1,5,5,5,4,5,5,5,5,1,5,3,5
"268",268,1,4,4,4,4,4,4,5,5,1,1,5,5,1,5,1,1,5,5,1,1,5,5,5,5,5,1,5,1,1,1,5,5,5,5,5,5,5,5,5,5,5,5,5,3,5,4,5,5,4,4,5,5,5,5,5,5,4,4,5,5,4
"269",269,2,5,5,5,3,5,5,5,1,1,1,1,2,5,5,5,1,1,1,5,5,5,1,5,5,5,5,5,1,1,5,5,1,5,5,5,5,5,5,5,5,5,5,5,5,5,4,4,5,5,5,5,5,5,4,4,4,3,4,5,2,1
"270",270,1,4,4,5,5,4,5,5,5,3,2,1,4,1,5,5,1,3,3,3,3,5,3,5,5,5,3,5,3,5,5,5,5,5,5,5,4,4,4,5,5,4,5,5,5,5,5,5,5,5,4,4,5,5,5,5,5,3,5,1,5,5
"271",271,1,4,4,3,3,5,2,5,4,3,2,4,4,2,4,2,1,1,3,4,4,5,2,3,5,5,4,5,5,2,5,3,3,3,5,5,5,2,3,2,5,2,1,4,1,5,2,4,2,3,2,2,4,5,3,4,4,1,1,1,1,1
"272",272,1,4,4,4,5,5,4,5,5,1,1,5,5,1,5,4,1,1,1,1,5,5,4,1,4,4,3,4,4,5,5,1,5,5,5,5,5,1,4,4,5,5,5,5,1,5,1,5,4,4,4,4,5,4,1,5,5,5,1,5,2,5
"273",273,1,2,2,4,5,4,4,5,1,1,1,5,5,5,5,5,1,1,1,1,5,1,1,1,1,5,1,5,1,1,5,5,5,5,3,5,2,2,4,2,5,2,3,4,3,2,3,3,3,2,4,3,4,5,5,5,5,4,3,4,4,3
"274",274,1,5,5,5,5,4,4,5,3,1,4,1,3,2,5,3,2,4,3,1,3,5,5,5,5,5,5,5,4,3,5,5,5,2,5,5,5,5,3,3,3,5,4,4,4,5,4,1,5,3,4,5,4,3,3,4,5,5,5,5,5,5
"275",275,2,4,5,3,4,4,3,5,1,5,5,1,2,1,5,5,1,5,1,5,5,5,1,5,1,5,1,5,1,1,1,5,1,5,5,5,5,5,1,5,5,5,5,5,1,5,5,5,1,1,5,5,5,5,3,5,3,5,5,5,5,5
"276",276,1,4,5,5,5,4,5,5,5,1,5,5,5,5,5,5,5,5,5,1,5,5,1,5,5,5,5,5,5,5,5,5,5,5,4,5,5,4,4,5,5,5,5,4,3,5,5,5,4,5,5,3,5,3,4,4,5,5,5,5,5,5
"277",277,1,3,4,3,4,5,5,4,4,5,5,5,5,5,4,4,1,3,1,1,5,4,3,4,4,4,3,4,5,5,4,3,3,4,4,4,4,4,3,5,5,4,4,3,4,4,4,4,3,3,4,3,2,5,5,4,4,4,3,3,4,3
"278",278,1,4,4,4,4,4,4,5,5,3,3,4,4,4,4,4,3,3,3,3,4,5,3,4,4,4,3,4,3,4,4,4,4,3,5,3,4,3,4,4,5,5,4,4,3,4,2,3,1,4,4,4,2,4,4,4,4,4,4,4,4,4
"279",279,1,5,5,4,5,5,5,5,4,3,1,1,5,5,5,3,4,5,5,5,5,5,5,3,3,4,5,5,5,3,5,4,5,5,5,4,4,5,1,2,2,5,5,5,2,4,2,5,5,5,2,2,2,5,2,5,3,5,5,3,3,5
"280",280,1,5,5,4,3,5,5,5,3,3,4,4,3,3,4,3,1,3,1,4,5,4,4,3,4,4,1,5,4,1,1,5,5,3,5,5,5,5,5,4,5,5,5,5,5,5,4,5,5,3,5,5,5,5,5,5,5,5,5,4,4,5
"281",281,1,2,4,1,4,3,4,5,5,5,4,1,2,1,5,1,1,5,5,5,5,5,5,5,5,5,5,1,1,5,5,5,5,5,5,5,5,5,3,5,5,5,5,3,5,1,1,2,5,5,5,5,3,1,1,3,3,2,1,1,3,1
"282",282,1,2,5,3,5,5,5,5,1,1,1,1,2,5,5,5,5,5,1,5,5,5,5,5,5,5,5,5,5,5,5,1,1,1,4,5,5,5,5,4,5,5,5,5,4,5,4,5,4,2,4,5,5,5,5,5,5,5,4,5,1,5
"283",283,1,5,4,5,5,3,4,4,5,5,4,5,4,3,4,3,3,3,3,3,4,5,3,5,5,5,4,4,3,3,5,5,4,4,5,5,5,5,3,4,1,2,4,3,4,5,5,5,5,2,5,3,5,1,5,4,4,1,1,2,1,2
"284",284,2,5,5,4,5,1,5,1,2,1,1,1,5,4,5,5,1,1,1,1,3,3,3,5,5,5,5,5,5,1,5,5,5,1,5,5,5,5,5,1,1,5,5,5,1,5,1,5,1,5,5,5,5,5,5,5,5,5,5,5,1,5
"285",285,1,3,4,3,3,3,4,4,3,2,2,4,3,3,4,4,2,1,3,5,5,5,2,4,4,4,2,4,4,1,1,2,3,4,2,5,3,3,3,5,4,5,4,4,4,4,2,3,4,3,3,3,3,5,5,5,5,3,4,3,3,4
"286",286,2,5,5,4,5,4,5,5,5,1,1,1,5,1,5,5,1,5,1,1,3,5,1,5,5,5,1,5,1,5,5,1,5,1,5,5,5,5,1,5,5,5,3,5,5,5,4,5,5,4,4,4,5,5,5,4,5,3,3,5,4,3
"287",287,2,4,4,3,3,4,4,5,3,3,4,2,5,3,4,3,3,2,5,5,3,5,4,5,5,5,4,2,2,1,1,3,4,5,3,5,4,5,3,5,5,5,3,4,4,5,3,5,5,3,4,5,4,4,4,4,5,5,4,4,3,3
"288",288,2,4,5,4,5,5,5,5,5,4,4,4,4,4,4,4,1,1,2,1,4,5,4,5,5,4,4,4,4,4,4,5,5,5,5,5,4,5,5,5,5,5,5,5,5,5,4,4,4,4,5,5,4,3,4,4,4,4,4,5,4,5
"289",289,2,4,3,3,1,2,3,3,5,5,3,4,4,1,3,3,1,2,1,5,1,5,2,5,3,4,4,5,3,2,3,5,3,5,5,5,3,4,5,5,5,5,3,4,3,3,4,3,5,4,4,4,5,2,3,5,1,5,1,1,1,3
"290",290,2,5,5,4,5,3,5,5,3,5,3,3,3,3,4,3,3,3,3,3,3,5,4,5,5,5,2,3,1,3,3,5,5,5,5,5,3,3,5,4,5,5,5,5,3,3,4,3,5,3,5,5,5,5,5,5,5,4,3,5,5,5
"291",291,2,5,5,4,5,5,5,4,4,4,4,5,5,5,5,2,1,3,3,3,4,5,4,5,4,5,3,5,4,2,4,5,4,5,4,4,5,5,5,5,3,5,4,5,3,5,5,5,5,5,5,5,5,5,4,4,5,5,4,5,3,5
"292",292,2,5,2,4,5,5,4,5,4,1,3,5,5,1,5,3,2,1,1,1,5,5,1,5,5,5,3,5,1,1,5,2,2,1,5,5,5,4,2,5,5,5,4,4,2,3,1,5,4,5,5,1,1,4,3,5,5,3,1,1,1,5
"293",293,1,4,4,5,5,4,5,5,5,1,5,1,5,5,5,5,5,5,5,5,5,5,5,5,5,5,5,5,5,5,5,5,5,5,3,4,5,5,5,5,5,5,5,5,5,5,5,5,5,5,5,5,5,5,5,5,4,4,5,4,4,5
"294",294,2,3,3,4,5,5,1,5,5,3,3,3,4,4,5,5,3,3,3,5,3,5,5,5,5,5,3,3,3,4,4,4,4,4,5,5,5,3,3,3,5,4,4,3,3,4,4,5,4,4,2,2,3,5,4,4,3,4,5,5,4,4
"295",295,2,4,5,4,5,4,5,5,5,5,5,5,5,5,5,5,5,5,5,5,5,5,5,5,5,5,4,5,4,5,5,5,4,4,5,5,5,4,5,5,1,5,5,5,5,5,5,5,5,5,5,5,5,5,5,5,5,5,5,5,5,5
"296",296,2,4,4,4,4,4,4,5,5,3,3,3,4,4,4,3,4,5,4,3,3,5,3,5,5,5,5,5,5,5,5,5,5,5,1,4,5,4,5,4,5,4,4,4,1,5,4,4,4,4,4,4,4,5,5,5,5,5,5,5,5,5
"297",297,2,4,4,4,4,4,4,5,4,4,5,4,5,4,5,4,4,5,4,5,5,5,5,5,5,5,5,4,5,4,4,4,4,4,3,3,3,4,5,5,3,4,5,4,3,3,3,4,5,4,3,3,3,5,5,5,5,3,4,5,3,4
"298",298,2,4,3,3,4,4,3,4,4,4,3,4,4,4,4,4,3,4,3,4,4,3,4,4,4,4,3,4,4,3,4,3,4,4,4,4,4,4,4,4,4,5,4,5,4,5,5,5,4,4,5,4,4,5,5,4,4,4,5,5,4,5
"299",299,2,5,5,5,5,5,5,5,5,5,5,5,5,5,3,5,1,4,5,2,5,4,5,5,3,5,3,5,5,5,5,4,3,3,5,5,5,5,5,1,5,5,5,5,5,1,1,1,5,5,5,5,5,5,5,5,5,5,5,5,5,5
"300",300,1,4,2,3,4,3,2,3,4,2,3,2,4,3,3,4,3,4,3,4,4,3,4,4,4,3,4,3,4,2,4,4,4,2,5,5,3,5,5,3,4,4,3,5,3,5,3,5,3,5,4,4,4,5,4,5,4,5,4,5,4,5
