"","AEO","MP","MF","AG","DV","AUTEN","BALAN","CRESC","EEC"
"1",-0.164643177075754,-0.0165393454497311,-0.0326243062731193,-0.375077542479224,-0.185679001774186,-0.423852974510676,-0.497986550397999,-0.958635722892307,-0.975554327257273
"2",-0.0803764189847143,0.789615456396581,0.0378131464613123,-0.196056812955474,0.301721857979754,-0.622713595542206,-0.684904488341804,-1.26320244773513,-1.13455092825114
"3",-0.2929458357891,-1.00109518763714,-0.838470720428147,-0.515223337578088,-0.411775574338207,-0.178655087597927,-0.0381807176155379,-0.00489497224855213,1.22635488560055
"4",0.459870320537518,0.731670284987377,-0.20441200127529,-0.247450978324677,-0.221969437954754,0.217479390384132,0.13226382280192,0.279433282570203,1.03733723277476
"5",0.468387866924443,0.587176146597864,-0.351964013683669,0.112008696205514,-0.1486203741022,-0.349363167591252,0.444422726260198,-0.148344850331522,0.0580868258877972
"6",0.0459437724957602,-0.405237003797277,1.10448397863862,-0.287456002748105,0.0367760893278799,-0.906957504662495,-0.604712453488387,-0.853703373922412,-0.310867253983639
"7",-0.653960007321141,0.906420287744071,1.07367673492769,0.163563324192975,0.094876917892504,0.334920489529356,0.297275767007502,0.121156521292108,-0.283943684164048
"8",0.0772683956431071,-0.152635483371023,0.101252840036231,0.459162197208532,0.152842603884959,0.556194747191459,0.675480019913196,0.487783195840554,0.329068479176115
"9",-0.0812323856314176,0.634401278286718,-1.23288834018175,-0.565429116707053,-0.223310704676948,-0.374543549039771,-0.900221614770607,-0.959741011954209,-0.591469817942869
"10",0.7945846801391,0.8199112277185,-1.23881287399551,-0.498500932058906,-0.180263711226198,0.651258568329057,0.892057541912605,1.05887456389306,1.03733723277476
"11",-0.881430900862194,-0.721658087748963,1.37042000678272,-1.02748810133481,-0.612059174589663,-0.482102577475187,-0.116833140151807,-1.21227655493959,-0.573940476105833
"12",1.00926747909532,1.15295462519703,1.31297498214145,0.941698436453521,0.667672489863498,1.03047672941388,1.06127939821056,1.32573124288231,1.4835373091644
"13",0.347774904595135,-0.51575492629334,0.323789915607815,0.317154991048518,0.320785044472361,-0.104115809804271,0.519611353884633,-0.0826870322487094,-0.750055380496093
"14",0.0772683956431071,0.467448407340611,-0.760850055758683,0.191584864071892,0.424451238503438,0.00371745954500214,-0.0195216112403962,-0.130477577232045,0.161785183100387
"15",0.514827843956658,1.17924538209873,0.462128807070374,0.143647743369894,0.102085681592486,-0.260327583777838,-0.478040690014527,-0.134857897187067,0.883869387548103
"16",0.277154982491874,-0.0299635308764466,-1.21175768731699,0.832319909344044,0.492715932510622,-0.722479040383898,-0.536571313503951,-0.818109670302684,1.08594921415487
"17",0.121895985136939,-0.435584785385826,0.113024609754444,-0.733562631748793,-0.554864363693162,-0.469468252211174,-0.537933225902646,-0.708048023558711,-0.854447636148401
"18",-0.14206681865333,-1.07950821579124,-1.17902440090185,1.37987806425066,0.81400179156019,0.771090276173634,0.943715670332291,1.14009165042303,-2.04641150404835
"19",1.00926747909532,0.101203071365693,0.0310726330894902,-0.329090216183207,-0.074466707665929,-0.281527388462185,-0.490105574283377,-0.0710084302636176,-0.236503034954969
"20",-0.0527903069583384,-0.557198359459304,0.430529937043867,0.341213932482848,0.0576039957396159,-0.516603651700814,-0.368075392034955,-0.694784143746866,-0.3768670391761
"21",-1.17196336048205,-1.63575194358271,0.356392892559849,-1.1223040193309,-0.690703017400188,-0.661623480278999,-0.49872425912812,-0.864058881478973,-1.32204909115241
"22",0.0162081224205594,-0.34199277625112,-1.20195114172932,0.81891083401668,0.470581363014737,-0.47508542761696,-0.0282343085609455,-0.515969540840544,0.164373509125689
"23",0.679389794368478,0.453651267321098,0.0749517277426628,-0.0671998865089122,-0.0342441361583552,0.0661765030149125,0.288406199144541,0.515603391415936,0.908656704923016
"24",-1.14216569893887,-0.406650468968933,-0.851670334326945,-0.889887531692982,-0.0780626032790232,0.376946295556344,0.577913629398899,0.165072424980009,0.0402094143367981
"25",1.00926747909532,0.679221404211038,1.3270990210878,-0.857237437782422,-0.559497671594758,0.141377478424998,-0.25630233117119,0.508902243302025,0.812650016567447
"26",0.347774904595135,0.11917848200311,-1.21646819599371,-0.393893549830644,-0.0533930673868304,0.0392416264375421,0.260060978560595,0.199869833749456,-0.0808939850817298
"27",-0.270713171184476,0.00148141535776986,0.0272642780950678,-0.60377578879546,0.0483368987689248,-0.309676013257338,-0.328230957367951,-0.433350743530366,0.116847111881115
"28",0.459870320537518,0.0613845160245285,0.791293896288249,-0.980241417688252,-0.554842958485868,-0.952207029035478,-0.631951973365069,-0.731733619013507,-0.372789070993934
"29",0.124879416799246,0.00689836427812825,-0.171774248811288,-0.629849005000166,0.0406667720854906,0.0274739470669418,0.0745907187230729,0.0805676799080999,-0.143782557497807
"30",-0.459333200908778,1.02910377651799,-0.68489653985581,-0.645004648772408,-0.375612668192634,-0.211033513284167,0.279401515797358,-0.215547377149377,0.846131758486778
"31",0.314927718073309,1.0231920016277,-0.463448907450433,1.37987806425066,0.81400179156019,0.493358671742673,0.224048326310259,0.860502795813669,0.489056262418876
"32",0.208268336046612,-0.481347018862463,-0.392839370602276,0.340323506265887,0.472057791622642,-0.119407885995666,-0.0963265732382038,-0.462147219520392,0.000636582847638434
"33",-0.342042545013988,0.553977028127517,0.280118594206526,-0.580358100690915,-0.2051983353591,0.293792810350087,-0.0934839527734047,0.115293305926109,-0.541119833040307
"34",-0.372180687414211,-0.780408219676661,-0.677279216707932,-0.666979310180423,-0.252100360470145,0.222609764858879,-0.0132785964250078,-0.0754918080927788,-1.3906744434896
"35",-0.223190141230913,-0.317412175243744,0.598085860745305,-0.565884561933612,-0.43561673947488,-0.132074217838323,-0.114968819385273,-0.548062511836257,-0.485562890036818
"36",-0.151189612885877,-0.629376301106005,0.109850927592275,-0.855359743473296,-0.311318449831175,-0.356746691066566,-0.322472370107759,-0.46750325675489,-0.42420679569965
"37",-0.0803764189847143,-0.532139217108251,0.631933366208072,-0.354089664926843,0.017708774528125,-0.225819991474383,-0.023100540875591,-0.714854516780431,-0.655998562949313
"38",-0.349844695427792,0.232759263212876,-0.120447385937203,-0.187041123500037,-0.193449180630616,0.111018675083412,0.118200552916769,-0.0403170257957532,-0.868578387875304
"39",0.323115392693843,0.324456426410387,-0.370189588069504,-0.170375298711931,-0.0475977954335287,-0.0170459881701885,-0.166874037854256,-0.0477984152011336,0.646387611043929
"40",0.353971433114831,-0.904074533281568,0.354777312543921,-1.13251139499264,-0.622574525583216,0.461767588014192,0.237941061445201,0.845218392623849,0.976919917766824
"41",0.628566556408988,0.110403842082823,-0.604323240829451,0.836938063769542,0.500300183197007,0.471607094925758,0.266364340814012,0.71686245285492,-0.0723955529719444
"42",-0.0647762643759901,-0.198615140153687,-0.049325517087591,-1.46792923273539,-0.551682196490485,-0.235776522874264,-0.262903784954845,-0.651035376222167,-0.142588918828887
"43",-0.277508966660151,-0.387370439430499,0.204632607435222,-0.253324486780944,0.151654581440013,-0.253966028112027,0.12978359875148,-0.480778013965513,-1.19692384280572
"44",-0.444541478239877,0.043642032121421,-0.508204958812418,-0.714911582219855,-0.32921015326593,-0.475853619310618,-0.287869444686044,-0.449585044048888,-0.20764521407984
"45",0.131792529076855,-0.49518459021072,0.362676094385987,0.572299810213297,0.296205535198846,-0.0410865449556377,-0.264792142949745,-0.00350711613434446,-0.346947827972257
"46",0.314927718073309,0.228249965955453,0.186048997028682,-1.52013760219786,-0.315217817721421,0.0500663606216862,0.268703178118976,0.0384020833408747,0.0573466656683545
"47",0.7945846801391,0.00968466976330346,-0.369233469357275,-0.415003034146511,-0.115769017125547,-0.0194171689621521,-0.0906242991929708,-0.257827284557647,-0.0723955529719444
"48",-0.366283380344119,-1.12549933334158,0.0672350773141333,-0.914589433275794,-0.286932966264111,-0.228089952098532,0.220190523637683,-0.347152618897394,-0.0362589818464817
"49",0.135709806502452,1.17143713321803,0.712838591521376,0.0823437873084036,-0.43559629341083,0.380284477058239,0.483176715422029,0.676460438029075,1.13431402062493
"50",0.277154982491874,0.0418768074904346,-0.217001837620997,-0.385308584745089,-0.0280171546029506,0.413793071670398,0.21228908430643,0.530815670057718,-1.03907544792753
"51",0.476073866473605,-0.0383806768143467,-0.0634954100736697,-0.232703503440265,-0.0467060928915984,-0.455886933581869,-0.414478958801743,-0.495821148665711,-0.491684217149435
"52",0.387189543596718,-1.04073165907884,-0.871660102472777,1.07424616303043,0.417606772286871,-0.784704855087107,-1.38840832414446,-1.04337187943054,-1.92960758646975
"53",0.150164609189564,-0.972197617379111,0.322534236551893,0.358543218366031,0.23228678497381,0.233738966285362,0.568094289627691,0.431803779850009,0.321571457982952
"54",1.00926747909532,-0.707815796344484,0.0441522225314376,-1.1864081168279,-0.668476031360978,-0.183046368972012,0.180845258553049,-0.00711919150883454,-0.0723955529719444
"55",-0.285209206766183,-0.221904911760123,0.138973216745951,-0.698760245495392,-0.507938121837026,-0.705855992913531,-0.845123608777662,-0.854535302130487,-0.201048700824937
"56",0.514827843956658,1.22329164632598,-0.921456998889313,-0.835631635957495,-0.181759146716907,-0.241368320170082,-0.187841737768449,-0.337540465513929,-0.199510543544568
"57",-0.199115699503438,1.2037870137251,-0.312310637837734,-0.579561126822538,0.0554621448907561,0.427901087905995,0.559495885851732,0.290667734669754,-0.915112346174121
"58",-0.253052000784895,-1.04477432405814,0.136695975721381,-0.0865838295012472,0.20093322699053,-0.49817093511166,-0.511156575834826,-0.834406009126813,-0.310150259346611
"59",-0.0449120600049159,-0.207880569266838,0.0360701331116602,-0.502551607756051,-0.238137508452296,-0.253709572710926,-0.200794991097895,-0.211806649173678,-0.0911651176577604
"60",-0.202946005922699,-0.724943670694647,0.801544914837592,0.163904454857712,-0.248372913696885,0.143969023718132,0.115136795019078,-0.196496969797112,0.470633957830787
"61",0.536866746102815,0.186019305049312,0.302805496571766,0.311104599842798,0.110103227797512,0.0532892780318857,0.388746106681371,-0.303254174204299,-0.437973278372288
"62",-1.13619596934327,-0.823777096811955,0.16067385532091,-1.85450470522707,-0.942392273050396,0.226455176839632,0.259934256466176,0.269316214828628,0.761053570622294
"63",-0.0803764189847143,0.403665458135061,0.348412141371996,-0.551597593450034,-0.133167195645852,-0.428257246178326,-0.398831477877466,-0.442216002785265,-0.91825828095871
"64",0.111062634201659,0.109770286565633,-0.5660003725189,-0.99218103555957,-0.309195209630774,-0.314093113430536,-0.186860063967016,-0.518576696618271,-0.361806124131732
"65",-0.702224122069976,0.812092698036034,-0.912302900594247,-0.787438835370009,-0.262938866324556,-0.0361418076507298,-0.346203783076136,-0.388223595410745,-0.663888268582107
"66",0.1995981941471,0.257637406613925,-0.0882301862023805,-1.15094632692633,-0.328532206558939,0.135230916948835,0.0402673668100449,0.350187922502224,-0.403127280939539
"67",-0.168773453042598,-0.382368845379465,-0.463495223416833,0.941698436453521,0.667672489863498,0.00148828625814187,-0.406722276500526,-0.386438539690184,-0.0102468414507258
"68",-0.158755127418026,0.435280806702178,-1.22652315704096,-0.236831052574018,0.0551098289086852,0.427681826378985,0.68651384337555,0.0166109697643138,0.0760540737885566
"69",-0.37301697169697,0.820291819263213,-0.494686603938208,-0.326503463346176,-0.0667500502855825,-0.366759220884411,-0.390091427231335,-0.304384450573528,-0.0723955529719444
"70",0.0772683956431071,0.106056630503679,-1.21604234163342,-0.250053334188668,-0.0697980666692101,-0.14463694401647,0.221452412562085,0.0182013708482922,-0.670579602067375
"71",-0.0449120600049159,0.205024132105253,-0.060374167421755,-0.469751052648622,0.0877992389568373,-0.267949580116681,-0.10814985768733,0.145093696667487,0.407243915496428
"72",0.459870320537518,0.124071422714584,0.135274065816752,0.139024287061271,0.407705054245021,0.144013654947335,-0.530963136543076,0.265816000058513,0.622108988972023
"73",-0.854812834307831,-0.111084902156224,-0.0311052449812882,-0.636591831316946,-0.27575864267452,-0.232603675359101,-0.169954394281229,-0.459992401713664,-0.622765843192837
"74",-0.479642310625533,-0.725117938650153,-0.0212392402314122,-1.20109623353835,-0.579916781721259,-0.751510551359275,0.0204291758285223,-0.861729657307061,-1.20487080636245
"75",0.514827843956658,0.114726540049308,-0.914110477206108,-0.0604474742222032,0.10747383449751,0.277260594084391,0.119770376880067,0.456272524822465,-0.416920263209056
"76",-0.0572666877120425,1.23406758525456,-1.25228741351879,1.37987806425066,0.81400179156019,0.12030292790938,0.0460532488614681,-0.245689344103199,-0.614842828855635
"77",0.541928741870692,-0.0832465114926385,-0.0980114786001141,-0.717143809932997,-0.269231283561482,0.275888703577788,0.30690613152415,0.201973649112657,0.327276210050583
"78",-2.0976893736814,0.32429427411857,-0.362897669600462,0.351339874421102,0.141160157773834,0.0162318050842982,-0.0636459579695278,0.566953672819406,1.4835373091644
"79",0.585780105205325,0.9969162687685,0.531398728675384,0.36121736030879,-0.0473602743968802,-0.83564788790348,-0.81587999472505,-0.731271723738076,-0.408486831411453
"80",-1.11360113830867,0.100598364815613,0.0730293481052652,-0.361886072541136,-0.0672623683033855,-0.102049005040538,-0.148623917412267,-0.113085522700766,-0.217911282411771
"81",0.37191971275745,-0.0893851325529779,1.08279621937966,-1.02749433311542,-0.331546656552411,-0.509876516614468,0.0919563906578277,-0.516381315810914,-0.572299212651419
"82",0.459870320537518,0.783457302471536,0.300432734986952,-0.699222428201322,0.144900973465519,-0.639889196192753,-0.418822682586146,-0.871460126791487,-0.637922090798046
"83",0.75508805524764,0.538711180452424,-0.0415426355257304,-0.674444132573929,-0.31279909148465,0.260200437498215,0.578808965762954,0.377767004847724,-0.0615015183961666
"84",-0.388330148061136,0.166017434154178,-0.278696851671654,-0.763946167274758,-0.279605918772872,0.141115201467314,-0.305499158431851,0.0354363562069627,-2.22157932946652
"85",-0.0803764189847143,-0.532843825925042,0.682986816652759,-0.193978932227349,0.00531704371163492,-0.179039450261791,-0.237694964728127,-0.332180570593445,0.373761658269082
"86",1.00926747909532,1.23406758525456,-1.25228741351879,0.119207899769393,-0.0151976072403631,0.528647340652669,-0.0481618479034278,0.538304825783934,0.464343686212314
"87",0.128633843334689,-1.09618072375357,-0.337608641680323,0.622279049366501,0.434284286090898,-0.444593945005564,-0.293093388182359,-0.29985592152527,-0.0508134089001
"88",-0.37437623894069,-0.359205151847339,0.726775202695616,-0.662614439827359,-0.365576817462898,-0.635347803372755,-0.521157875721869,-0.621691725072718,-0.418178428501256
"89",-0.0449120600049159,0.619770470271498,-1.23242046318031,-0.241465937232447,-0.371130755003871,-0.813370193527754,-0.767971594680731,-0.703698812103638,-2.03841184741387
"90",0.314927718073309,0.585855856481378,-0.702747860140439,0.148130863802616,0.161549024748005,-0.251847657179722,-0.930883316981087,-0.263114165972196,-0.0999747651140101
"91",0.514827843956658,0.403189552960604,-0.699318451322356,-0.571800945484232,-0.57410363673493,-0.682085016892968,-0.550051450490141,-0.284436566688974,-0.711125065391392
"92",-1.07131774929,0.0160475832521934,-0.820450397195015,-1.5052343528037,-0.760819116333792,-0.485137337765167,-0.209952358046684,-0.33187430432917,-0.219385904153086
"93",-0.0252075073750898,-0.102428732945976,0.793249012186825,-0.246953288359731,0.170677149303543,-0.472639042534603,-0.83367807618623,-1.0710257343759,-1.10509223253486
"94",1.00926747909532,-0.778092231416552,-0.620801838279222,-0.0220610970406031,0.181290132064634,0.869139942635543,0.640172982765895,1.14799825866506,1.4835373091644
"95",0.287363273241226,-0.969502244208382,0.274243168875341,0.536327837729812,0.111349220617638,0.260349322990715,0.39155622205306,0.49846148737783,0.929971552711093
"96",0.496703304274576,0.287560778345208,1.33918598934276,-1.43251358195851,-0.749261236723778,0.242903892532393,-0.176806510408696,-0.125098557327903,-0.0425150268072432
"97",0.304646607356773,-0.207880569266838,0.0360701331116602,-0.502551607756051,-0.238137508452296,-0.253709572710926,-0.200794991097895,-0.211806649173678,-0.201048700824937
"98",-1.0694747513665,-0.78517426284961,-1.18834369649044,-0.524885465865584,-0.424343163389051,-0.253709572710926,-0.200794991097895,-0.211806649173678,-0.201048700824937
"99",-0.202946005922699,-0.207880569266838,0.0360701331116602,-0.502551607756051,-0.238137508452296,-0.253709572710926,-0.200794991097895,-0.211806649173678,-0.201048700824937
"100",-0.625589980242129,-0.207880569266838,0.0360701331116602,-0.502551607756051,-0.238137508452296,-0.253709572710926,-0.200794991097895,-0.211806649173678,-0.201048700824937
"101",-0.202946005922699,-0.207880569266838,0.0360701331116602,-0.502551607756051,-0.238137508452296,-0.253709572710926,-0.200794991097895,-0.211806649173678,-0.201048700824937
"102",-0.349844695427792,-0.0568456386515967,-1.21089246139698,0.941698436453521,0.667672489863498,-0.253709572710926,-0.200794991097895,-0.211806649173678,-0.201048700824937
"103",-0.202946005922699,-0.207880569266838,0.0360701331116602,-0.502551607756051,-0.238137508452296,-0.253709572710926,-0.200794991097895,-0.211806649173678,-0.201048700824937
"104",-0.202946005922699,-0.207880569266838,0.0360701331116602,-0.502551607756051,-0.238137508452296,-0.253709572710926,-0.200794991097895,-0.211806649173678,-0.201048700824937
"105",0.251663201491792,0.0178518180553007,-0.911930503052791,0.503234707263108,0.106935287674944,-0.516512161804731,-0.32446648997663,-0.635236222367436,-0.201048700824937
"106",0.111062634201659,0.0276927926819217,-0.0305197193537816,0.286559414415388,0.129870287708253,-0.253709572710926,-0.200794991097895,-0.211806649173678,-0.201048700824937
"107",-0.202946005922699,-0.207880569266838,0.0360701331116602,-0.502551607756051,-0.238137508452296,-0.253709572710926,-0.200794991097895,-0.211806649173678,-0.201048700824937
"108",0.249209941551396,0.214498839136759,0.0292409894860136,-0.386280750699225,-0.205494612484737,-0.253709572710926,-0.200794991097895,-0.211806649173678,-0.201048700824937
"109",0.217283960994519,-0.207880569266838,0.0360701331116602,-0.502551607756051,-0.238137508452296,-0.253709572710926,-0.200794991097895,-0.211806649173678,-0.201048700824937
"110",-0.202946005922699,-0.207880569266838,0.0360701331116602,-0.502551607756051,-0.238137508452296,-0.253709572710926,-0.200794991097895,-0.211806649173678,-0.201048700824937
"111",-0.333650648223201,-0.207880569266838,0.0360701331116602,-0.502551607756051,-0.238137508452296,-0.253709572710926,-0.200794991097895,-0.211806649173678,-0.201048700824937
"112",-0.349844695427792,-0.0679600716732564,0.48122302968411,-0.502551607756051,-0.238137508452296,-0.253709572710926,-0.200794991097895,-0.211806649173678,-0.201048700824937
"113",0.0772683956431071,-0.207880569266838,0.0360701331116602,-0.502551607756051,-0.238137508452296,-0.253709572710926,-0.200794991097895,-0.211806649173678,-0.201048700824937
"114",0.0816343227367332,-0.62184739401241,-0.154712049657723,-1.00207419453884,-0.460843348983714,0.0562323329812217,-0.330561009579407,-0.481564087606029,-0.888713666873132
"115",-0.251208261862607,-0.78696525589685,-1.18807359654744,0.216568214489946,0.0218762671862835,-0.253709572710926,-0.200794991097895,-0.211806649173678,-0.201048700824937
"116",-0.243643455723354,-0.114371145303409,0.200281044849166,-1.04243892251418,-0.616696660004103,-0.253709572710926,-0.200794991097895,-0.211806649173678,-0.201048700824937
"117",-0.698950091459844,-1.6656956645297,1.40034045459644,0.634271851269338,0.314769165212801,0.00558273242211827,0.404337518022785,-0.595319895361823,0.189137075699863
"118",0.0772683956431071,-0.0171531287377902,-0.470131304333736,-0.479014071269467,-0.220063434219805,-0.253709572710926,-0.200794991097895,-0.211806649173678,-0.201048700824937
"119",-0.571168862557606,-0.207880569266838,0.0360701331116602,-0.502551607756051,-0.238137508452296,-0.253709572710926,-0.200794991097895,-0.211806649173678,-0.201048700824937
"120",0.216127195652684,1.1832983347124,0.335387430341692,-0.502551607756051,-0.238137508452296,-0.253709572710926,-0.200794991097895,-0.211806649173678,-0.201048700824937
"121",-0.671855553721858,-1.6656956645297,1.40034045459644,-1.80158905267171,-0.445656266986526,-0.253709572710926,-0.200794991097895,-0.211806649173678,-0.201048700824937
"122",0.7945846801391,1.23406758525456,-1.25228741351879,0.941698436453521,0.667672489863498,0.308924321918082,-0.297888167003254,0.517242007769695,-0.201048700824937
"123",-0.202946005922699,-0.207880569266838,0.0360701331116602,-0.502551607756051,-0.238137508452296,-0.253709572710926,-0.200794991097895,-0.211806649173678,-0.201048700824937
"124",0.0772683956431071,1.18410266765891,0.309988023212572,0.618941173635016,0.140283254533201,-0.253709572710926,-0.200794991097895,-0.211806649173678,-0.201048700824937
"125",0.251663201491792,1.18919825728649,0.14739890347316,0.157172833085804,0.16413834243789,0.200416906391954,0.426083373132299,0.566391811688889,0.646945070796451
"126",-0.202946005922699,-0.207880569266838,0.0360701331116602,-0.502551607756051,-0.238137508452296,-0.253709572710926,-0.200794991097895,-0.211806649173678,-0.201048700824937
"127",0.267916528175483,1.19601016276998,-0.0684050579395502,-0.502551607756051,-0.238137508452296,-0.253709572710926,-0.200794991097895,-0.211806649173678,-0.201048700824937
"128",0.287363273241226,-0.207880569266838,0.0360701331116602,-0.502551607756051,-0.238137508452296,-0.253709572710926,-0.200794991097895,-0.211806649173678,-0.201048700824937
"129",-0.266794973121569,-0.541750751952179,0.0771961378213175,-0.502551607756051,-0.238137508452296,-0.253709572710926,-0.200794991097895,-0.211806649173678,-0.201048700824937
"130",-0.755577422245218,0.0834629226251707,-0.74817810179623,0.746495881771456,0.348433632760163,-0.253709572710926,-0.200794991097895,-0.211806649173678,-0.201048700824937
"131",-0.0352036895968476,-0.207880569266838,0.0360701331116602,-0.502551607756051,-0.238137508452296,-0.253709572710926,-0.200794991097895,-0.211806649173678,-0.201048700824937
"132",-0.363948253471942,-0.398419433346128,0.402812866342165,0.181936850243954,0.0194839530900688,-0.253709572710926,-0.200794991097895,-0.211806649173678,-0.201048700824937
"133",0.0876363483486278,-1.6656956645297,1.40034045459644,0.0053395131431169,-0.0805982842349315,-1.16660996604261,-1.642009609271,-1.90352384924979,-1.70924415268757
"134",-2.0976893736814,-0.207880569266838,0.0360701331116602,-0.502551607756051,-0.238137508452296,-0.253709572710926,-0.200794991097895,-0.211806649173678,-0.201048700824937
"135",-0.212708342304599,-0.287880500360483,0.520935222225599,0.503234707263108,0.106935287674944,0.0340342897272938,0.237210661514002,-0.248822221458631,-0.629822450019169
"136",1.00926747909532,1.16415933159898,0.949265008483403,0.941698436453521,0.667672489863498,1.03047672941388,1.06127939821056,1.32573124288231,1.4835373091644
"137",-0.0252075073750898,-0.601635856017194,1.1089636665325,0.070932971287841,0.139420951480093,0.226000363269514,0.329202306097795,0.0189289155556248,1.4835373091644
"138",0.143061617291494,0.351306660542574,-0.096127892272686,1.37987806425066,0.81400179156019,-0.253709572710926,-0.200794991097895,-0.211806649173678,-0.201048700824937
"139",-0.202946005922699,-0.207880569266838,0.0360701331116602,-0.502551607756051,-0.238137508452296,-0.253709572710926,-0.200794991097895,-0.211806649173678,-0.201048700824937
"140",0.728967472078271,-0.15526141538286,0.200939527228587,0.37195307869132,0.188758397941304,-0.253709572710926,-0.200794991097895,-0.211806649173678,-0.201048700824937
"141",0.459870320537518,0.934796125780396,-0.0666577907373743,1.10133506838753,0.455159312921553,-0.395406156983484,-0.678396605376321,-0.4376892287574,-0.275250259601477
"142",1.00926747909532,1.15295462519703,1.31297498214145,0.941698436453521,0.667672489863498,0.502533570118803,0.474926594149918,0.763846540681211,-0.0723955529719444
"143",0.350953171486707,1.19813449634016,-0.135451787897522,-0.502551607756051,-0.238137508452296,-0.253709572710926,-0.200794991097895,-0.211806649173678,-0.201048700824937
"144",-0.827670779630611,-0.207880569266838,0.0360701331116602,-0.502551607756051,-0.238137508452296,-0.253709572710926,-0.200794991097895,-0.211806649173678,-0.201048700824937
"145",-0.827670779630611,-0.207880569266838,0.0360701331116602,-0.502551607756051,-0.238137508452296,-0.253709572710926,-0.200794991097895,-0.211806649173678,-0.201048700824937
"146",-0.601547122714198,-0.272165879702604,0.986132049259316,-0.723888978507818,-0.419656590056877,0.339219428423693,0.209366355977324,0.340935514825849,0.227488906657579
"147",0.251470607307845,0.554971746719725,0.00542224073293075,-0.199799133843068,0.0618670850441218,0.270484478598984,0.54983312974383,0.179131772060227,0.933359798489095
"148",-0.724124346910705,0.8199112277185,-1.23881287399551,-0.476140376738339,-0.44258869055566,-0.204691503688112,0.215740493450483,-0.5246217856128,-0.813702421374029
"149",-0.354772124125421,-0.0332694481617169,0.110003141847171,-0.70278160202195,0.0192248376432957,-0.322404187292559,-0.0494530228107104,-0.610193202205069,-0.0466736775016293
"150",-0.547465714626515,-0.437595276251765,0.173361882176375,-0.56674882442792,-0.373218535274676,-0.68148547584987,-0.516423214129764,-0.762152132771736,-0.818349961205215
"151",0.728967472078271,0.489798845432251,0.472676023723402,1.08328449310879,0.430186947866024,0.277553682512831,0.527131248404549,0.789060432009585,1.4835373091644
"152",0.295253796496713,0.482895544442475,0.15456159161787,0.727763210908501,0.128540044766162,0.134339314435644,-0.50044540335881,-0.0274341690429761,1.26102331843272
"153",0.552039253290985,0.311437505454668,0.0464786721961066,1.08795880028608,0.436682313793438,0.0140372647759732,-0.118827457958597,-0.0649078585670389,-0.828090260948788
"154",-0.617704980575044,-0.593208987720836,0.197961794552636,-0.0638716490843912,-0.100517620373181,-0.393326675197893,-0.376827423000576,-0.583070360977065,-0.956593982514929
"155",1.00926747909532,1.15295462519703,1.31297498214145,0.187266570436583,0.117617461569515,0.668764368512822,0.706121649379724,1.03828621795579,1.4835373091644
"156",-0.681720889829814,1.23406758525456,-1.25228741351879,-0.436850762478187,-0.184021431425137,-0.553153688660722,-0.684347139858521,-0.593231209689953,-1.49598611115737
"157",0.319274291744657,-0.463065034852192,0.323674659657936,1.37987806425066,0.81400179156019,-0.0890646505539281,0.104246273481923,-0.0789742328160647,0.572286788068735
"158",-0.562587619883261,0.565557235820195,-0.570817527732712,0.537867599503428,-0.00258356972699141,-0.46217084596788,-0.40053399960802,-0.731449397838514,-1.33321091703546
"159",0.47681519330592,-0.315231110009481,-0.39605755918595,0.948922168820022,0.236603713564269,0.471793726594078,0.54801171086181,0.899203118093292,1.4835373091644
"160",0.216127195652684,-1.03182234194747,1.38011810741147,-0.0978735391749826,-0.0453702402540828,-0.0311583584854494,-0.126734794452815,-0.0648030653494114,0.0785634174470431
"161",1.00926747909532,0.51668999064746,-0.298984014230379,1.37987806425066,0.81400179156019,1.03047672941388,1.06127939821056,1.32573124288231,0.450011427141243
"162",-0.197719568305868,0.0989151059909128,-0.208651861856637,-0.494412220476072,-0.429155447648843,-0.490865783118364,-0.199132823590313,-0.348320364347441,-0.48353932443302
"163",0.143061617291494,-0.323591057566541,-0.251412245654773,-0.0511800633312018,-0.256694175372623,0.167875957004157,0.291694370340957,-0.0878518100611702,0.71879579448082
"164",-0.0426241157225094,-0.170841110252738,-1.20730600873164,0.327649040031107,-0.117438152338772,0.337986965105248,0.622323658439416,0.568278878793595,0.380822463477379
"165",0.541928741870692,-0.71357684121331,0.160068658688518,-0.523924944153078,-0.457224988402551,-1.02831730116262,-0.694692007322101,-0.947458731049655,-0.766525864971061
"166",0.0459437724957602,-0.301903850757916,-1.20319712877541,0.948922168820022,0.236603713564269,0.612215935706152,0.77298291447455,0.250716273760083,-0.788692792305599
"167",-0.69471481940666,-0.409030108470316,-0.628496359866444,0.57252251765889,0.179364794464193,0.431576857374254,0.468247996290555,0.687874706377049,0.963979415892101
"168",-0.358910244051521,1.20617657748708,-0.38737284474305,-0.503588990140187,-0.370074159115892,0.339960816317961,-0.00161587838905809,0.383192547727639,-0.219963241530794
"169",0.390271010780154,1.1999296009884,-0.1918731073792,-0.29409128564496,-0.024090919947909,0.0716477899198948,-0.280677022235462,0.339148117824704,0.681785962141994
"170",0.314927718073309,0.499233082120152,-0.0685213384748648,-0.330823998254247,-0.141780134221606,0.420734563045334,0.530458215591005,0.867944642859687,1.22635488560055
"171",0.181859340562081,-0.130529094353787,-0.254388438528515,-0.836477158057965,-0.233214592344348,-0.241353317377975,0.0958151193861441,-0.356510340888408,0.295411598512801
"172",0.216127195652684,-0.304015034465818,0.0576214583869636,-0.346872927532046,-0.0961105503205438,-0.251867879820052,0.0132672708368604,-0.585749332822394,-0.878106303124646
"173",0.0772683956431071,0.233698907789042,0.0478877997890479,1.37987806425066,0.81400179156019,0.0287324589136785,0.324295047491793,0.0308090033490633,-0.112552898837393
"174",-0.114795209309306,-0.710992330051818,0.0144855877127029,-0.0624089240462276,0.0860175896872065,0.237655690916679,0.670470230954707,0.354450302978545,-0.367390096567269
"175",-0.0803764189847143,0.402273868594834,-0.176486192537364,-0.71896290360956,-0.24332793982704,-0.334513437257587,-0.445019056883425,-0.476850078584307,0.574253555886147
"176",0.139139799485633,0.234343811802584,0.310634870768866,0.948922168820022,0.236603713564269,-0.674165503179242,-0.482838649110539,-0.767705566900544,-0.415518949351123
"177",-0.475344786082311,0.619770470271498,-1.23242046318031,0.421842280415936,0.0766262770886182,0.113134565891008,-0.0317061186259851,0.27039811914252,1.22635488560055
"178",1.00926747909532,-0.480832941505214,0.0920520467260644,0.546564314202261,0.347902552231318,-0.336329617416308,-0.182287716111561,-0.423891393420007,0.679293738420123
"179",-0.577850983059834,0.875664264237394,-0.259112182930858,-0.367208137776637,-0.0688122766930842,0.0036973870227785,-0.0539142084304909,-0.683912991419311,-0.466174933499761
"180",0.314927718073309,0.347072175461147,-0.454432364868215,0.220314712013008,0.0839054987191492,0.419540831152874,0.0649163957166829,0.660888461070746,0.0455229064571441
"181",0.202035784511203,0.602887596687211,-0.414062560820553,0.742706184965504,-0.089728517568687,0.072424545266334,0.386429156943837,0.495463895053511,1.25524683769924
"182",-0.524074346043156,0.0595226491555037,-0.1678381223047,0.233525815593154,0.0517727922421023,0.349810866499902,0.431541076076544,0.552019690967551,-0.291603195636708
"183",-0.505832025396798,0.544117587215194,-0.162796803880268,-0.421105100715638,-0.151786227153359,0.0192126629205581,0.122914204865274,0.270693100353127,0.25977853179289
"184",0.314927718073309,0.261356561080775,0.266297654882189,-0.390892999881984,-0.387433376946075,0.031321536768212,-0.420619000786839,0.366560421095812,-0.0233134963991149
"185",0.251663201491792,-0.712715700237769,0.111358160284272,0.323958347855285,0.287295351651619,0.0265031986857118,-0.142213265220405,-0.0462266114347902,0.0522579208156254
"186",-0.352991305091725,1.19972639747416,-0.185565214152277,-0.156241472193126,0.180353768283306,0.453712465816774,0.135168143944801,0.47632476800789,0.0938588116122537
"187",0.100401328387056,0.789615456396581,0.0378131464613123,0.948922168820022,0.236603713564269,0.401515525188767,-0.0313812218139848,0.600723593456675,0.558697967013191
"188",0.75508805524764,0.705636695750763,0.0213563943093759,0.564262412429374,0.179216272029508,0.317553738957981,0.231563885346085,0.596357550151348,-0.672019281950633
"189",-0.37301697169697,-0.370155052260563,-0.125783544515402,-0.189006229557313,-0.147456594021688,0.34577403613815,0.300864584428084,0.206292174292704,0.715538495836992
"190",0.314927718073309,-1.0423411871878,0.818284901138389,0.276454871998895,-0.0913184178199558,-0.478007572958695,-0.186726019343068,-0.476245803354403,-0.506651844832092
"191",-1.10334875567574,0.8199112277185,-1.23881287399551,0.831965110154682,0.631622283031241,0.752482282087639,0.908190720438527,0.927785601127335,-0.714809796195621
"192",-0.145768550686876,0.771787322763605,0.803894852720077,0.1148485117562,0.0279094324250229,0.273296383867368,0.204529247975872,0.0485117069755888,0.615201108495867
"193",0.391215039122994,-0.135819718928995,-0.230790147827938,0.529639997044306,0.338209043147153,0.208061713184502,-0.121457609649013,0.018503378497164,-0.131722499774973
"194",-1.07656178658542,-1.59328099950518,-1.16331147405464,-2.42282011578295,-1.33612646060461,0.0493626863914099,-0.173802564320267,0.346746787969496,-1.54171852155142
"195",-0.0293232631205452,1.15295462519703,1.31297498214145,-1.45467948928399,-0.745014083346688,0.386522595329461,-0.0895401856648843,0.584948339140468,0.00180529472491522
"196",-0.599008004928529,-0.78517426284961,-1.18834369649044,0.0955040932543532,0.290380511491658,0.830479881922601,0.61880469770263,1.04665853263989,0.449818629260583
"197",0.728967472078271,-0.047613750463614,0.242384952865391,0.558760595584603,0.305197101253537,-0.169727994111613,-0.0219511435176349,0.253947267606375,-0.622765843192837
"198",-0.234283386539965,0.251881693815326,0.285198888550771,0.599064015904557,-0.132679656789614,0.315259510916981,0.149489844444049,0.582870437470131,1.4835373091644
"199",-0.354772124125421,-1.61763764484486,-0.286151926852942,-0.654918476077207,-0.497331236395707,0.174617027948204,0.190674486834764,-0.0520962390936119,-0.130147683137805
"200",-0.34356533150468,-0.789330168802084,-0.620561638647068,0.392853844405363,-0.170479819886975,0.491090106333176,0.149600339915144,0.271256512308454,0.255188565181234
"201",0.150164609189564,1.23406758525456,-1.25228741351879,0.282696747578857,0.349060935903337,0.146605511090142,-0.635682132518937,-0.203868160910497,0.00796774279522739
"202",-0.723910894060977,-0.511614512023442,-0.413880730029362,0.268767073570464,-0.475903993178354,-0.496550278475318,-0.365324506754262,-0.606430303336309,-0.201048700824937
"203",-0.080310141999953,0.81250957454796,-0.929936703402159,0.0965821280978555,-0.0699534079891474,0.259674157974398,-0.468023810836688,0.492904967745786,0.563800724808205
"204",-0.462490041866024,-0.039277073379022,0.409285891464746,0.608116961025497,0.102032562758343,0.0761452554198775,0.191068422706896,-0.538781212672795,-1.26211908848607
"205",1.00926747909532,0.379664694647489,0.966783952331124,-0.445519844429362,-0.179503545179019,0.353209073869557,0.449515116525476,0.497415623055456,1.4835373091644
"206",-0.0397965189842561,0.335040305622633,-1.22331847559878,0.282859210168252,-0.212515087248986,-0.317231844674929,-0.344204618312877,0.365856814339869,1.12224989332254
"207",-0.445750828752716,-0.665153870815623,-0.18456998051775,-1.08095742153527,-0.603385288037156,-0.567314733085188,-0.64806458086769,-0.789067331917123,-1.06253902009149
"208",0.573962589737394,-1.6656956645297,1.40034045459644,1.37987806425066,0.81400179156019,1.03047672941388,1.06127939821056,1.32573124288231,-0.902453387975157
"209",0.728967472078271,1.21282387947097,-0.594969684008379,0.997464350901641,0.308123194764119,-0.0563263533688826,0.0115165196367405,-0.0271071260011186,0.71879579448082
"210",0.36057687957498,-0.616837092267728,0.168944828153693,-0.132936320261923,0.0492588621858804,0.414316709304346,0.195252409447298,0.275838322639882,1.08594921415487
"211",-0.641504811778627,-0.768429980926265,0.408493245390633,-0.755281936351556,-0.637481917360643,-0.661590337657426,-0.837821720434125,-0.89447184979102,-1.49014718311917
"212",0.433279276830736,0.116373663580744,-1.21636012534606,-0.605406281431369,-0.646134637665819,0.158126898304566,-0.0120005418608234,-0.0228719139498017,0.121973170363389
"213",0.0851955021982724,-0.320492973487313,0.32107470377933,1.37987806425066,0.81400179156019,0.797888844563549,0.81775517600784,1.13489968314542,1.4835373091644
"214",-0.866129146808646,-0.151851188402354,0.0548681143948395,0.243827335680921,-0.483478977258017,0.742126209350642,0.278433551786383,1.01073887748405,1.4835373091644
"215",1.00926747909532,0.239289477336631,0.476515333904688,0.624875167048574,-0.0569549003258627,-0.186050786876779,0.0477690550389952,0.177361667133333,1.4835373091644
"216",-0.19838012563663,-0.280768908717657,1.35669695617433,1.08795880028608,0.436682313793438,0.618253298849198,0.494126730472078,0.463842914986294,0.148845570084939
"217",0.295253796496713,1.1699698787149,0.761735319306272,1.1730890618869,0.552150857560691,-0.0868083661020796,0.509758678277293,-0.2120664357796,-0.784901272255525
"218",0.504363900749631,0.744291376323923,0.356472211739134,0.504945351577751,0.110324683809515,0.48848202848761,0.459628058602762,0.894587071401957,0.552090838537147
"219",0.0414762034892754,1.19450352460264,-0.0205189640291054,0.119207899769393,-0.0151976072403631,-0.493725453282582,-0.166306912957271,-0.440470360127618,0.422138161470968
"220",0.111062634201659,-0.0577577245617335,0.215487617795065,1.37987806425066,0.81400179156019,-1.04765549953279,-0.953671689310563,-1.1752784543877,0.0407825849685309
"221",-0.202383728918157,-0.210639900313385,-0.507117811577355,-0.783478934784882,-0.285131861072001,0.491087602827702,0.476590146620625,0.0446811369763182,-0.948156637254337
"222",-0.0222779222272041,-0.461959374955996,-1.19812639138341,0.751503663724232,0.497796637651111,-0.0426832691766702,-0.818614008658084,-0.57444235194122,-0.313375619409277
"223",0.145622586634942,-1.08890305960666,0.345876482537372,-0.920491637401504,-0.843916967545085,-0.0811730458061504,-0.0585951996983647,0.011935510707908,0.8174695749103
"224",-0.156110152679679,-0.500777033547474,-0.187125644515696,0.228060134447677,0.038856961119103,0.616818270764406,0.569834489653715,0.406663007584478,-0.353590674547081
"225",-1.14280262781986,0.495730883716705,0.775838661845237,0.206143986080409,0.076865091506579,0.106460705176635,0.433901553669006,-0.00863810409327214,0.717658312102823
"226",-1.09549452386867,0.245862260196343,-0.642373547602162,0.751503663724232,0.497796637651111,-0.161275122217435,-0.316198932909026,-0.804519761720112,-0.501328471210353
"227",0.350953171486707,-1.6656956645297,1.40034045459644,1.37987806425066,0.81400179156019,0.300726841716583,0.639544395966439,-0.056506998690916,-1.26647624957587
"228",-0.287461671661084,-0.435820330023769,-0.73714142913192,0.910688730859152,0.657445957562623,0.107029306512721,-0.00766099414132688,0.276506838809004,-0.893360808205124
"229",-1.02148940095316,0.245862260196343,-0.642373547602162,0.751503663724232,0.497796637651111,-0.288372044376929,-0.555545615864094,-0.883447169123394,0.0758873156526307
"230",1.00926747909532,1.15295462519703,1.31297498214145,0.831965110154682,0.631622283031241,-0.147424085666608,-0.136431810219674,0.175930396210478,-0.371665180498291
"231",-0.235825392632354,-0.465017957029493,0.799611334641006,0.959335609743017,0.512695277579218,0.721004602208789,0.847018672788023,0.550528770962068,0.337981306350075
"232",-1.02148940095316,0.245862260196343,-0.642373547602162,0.751503663724232,0.497796637651111,-0.174911768684691,-0.286680804059812,-0.888446920986126,-0.0511859383790452
"233",0.728967472078271,0.511559881816035,-0.0370335137804404,0.543996831552672,0.342445251173908,0.0220025552416335,0.0619642188057257,-0.350028567095723,-0.201048700824937
"234",-0.277405124689407,-0.568575117832842,0.74930981901005,-1.55558805875347,-0.525173216600754,-0.361500015020923,-0.369543327499302,-0.496040417057459,-0.587758366187267
"235",-0.0222779222272041,1.21282387947097,-0.594969684008379,0.75383721970098,-0.0711448785760516,0.55703859844901,0.810793235099249,0.679666971322849,-1.92224957261023
"236",-0.0803764189847143,-0.302413863073142,0.391054027006517,-0.248382100730458,-0.133376469171899,0.747513316250281,0.294340344465357,1.01650553252796,-0.551730333630544
"237",-0.774173366038276,-0.785069509210082,-0.268223169123545,1.13041421477357,0.494959957456705,0.291432375736121,0.103243393674196,0.566563185614145,1.25524683769924
"238",0.124879416799246,0.372935152252109,0.0917719145354707,-0.413902398968315,-0.274557288518438,0.547466684837484,0.822349014332119,0.791568211899312,-0.754890974164375
"239",-0.202946005922699,0.223031102584647,0.379156015589187,-0.675628791371005,-0.286709600889019,-0.0178993672855511,0.125226201167291,-0.310367998132472,0.0361424502729626
"240",0.116357799112126,0.0686318344638889,0.979297662902583,0.0397174420986747,0.327552232278326,0.290664289024234,0.0760436677730237,0.352024126050428,-1.8650477642268e-05
"241",-0.459188576181977,-1.26896919391267,-0.495207335569358,0.166046999053853,0.166686014361414,-0.00970252875141006,0.174625379715886,-0.0741073811026072,-0.0452008792916051
"242",-0.467644836583911,-0.0611789636472691,-1.21076661853542,-0.496919499719698,-0.321539321630806,0.249831624480711,0.405348808269661,0.111508312356353,-0.986654091183899
"243",-0.916116831198517,0.781880155942441,0.363587343665714,0.384444985890651,0.486224941955909,-0.403790398345569,-0.536085027486761,-0.727472401554785,-1.13050348171239
"244",-0.724124346910705,-0.620876363643025,-0.390038646917627,0.320408381927289,-0.320089275924423,0.21686591220627,0.00829422648390757,0.239090057785447,-1.46661186703684
"245",1.00926747909532,-0.280768908717657,1.35669695617433,1.37987806425066,0.81400179156019,0.0813417919976503,-0.0804795704232177,-0.365421224420264,0.273098719227794
"246",0.0430398137208462,1.15295462519703,1.31297498214145,-0.760853738196919,-0.042095546323328,-0.533290844945341,-0.505220837754633,-0.360725198746954,-0.279552466960202
"247",0.359010412096639,-0.210691326717939,0.261933892074286,-0.178245623758415,-0.165134474480648,-0.136575018618626,0.162951556359828,-0.0947957688344768,-0.192340717061001
"248",1.00926747909532,1.15295462519703,1.31297498214145,1.37987806425066,0.81400179156019,0.140063801667573,-0.149377389176107,0.385974719607145,1.4835373091644
"249",0.121895985136939,0.532895384706599,0.501980851993544,-0.991480930911908,-0.428529613959815,0.436906084473464,0.432341650750099,0.524322917131551,1.4835373091644
"250",-0.562178797664034,-0.65077175066689,1.36814928187307,0.778522116476784,0.216741030243455,-0.231991172385784,-0.0196857216695723,0.0597325391516375,-0.27820074500684
"251",-0.270713171184476,-0.424532713553044,1.3611680748475,0.363937186034218,0.23389721147971,0.256637499776284,0.21681430658152,0.329588506321832,0.9969377797456
"252",1.00926747909532,0.75961008846673,1.32482436113374,1.37987806425066,0.81400179156019,0.905261075336543,0.738103640208738,1.18745121605204,1.4835373091644
"253",-0.403815126194898,-0.779375957863628,0.55920825788406,1.19737585989623,0.584273602478382,0.748645382364399,0.29775899357896,1.01775981919524,0.585369813001288
"254",0.718928055565306,-0.60610375243274,1.36676226392718,0.858723649220906,0.098403475198182,0.662847676578868,0.0370095598666971,0.926040948043382,0.52956622694542
"255",-0.428081771454759,0.788568783549334,0.0842798687442664,0.218970372510836,0.155492892970475,0.116910480573926,-0.0796617251843043,0.45339489136024,0.397589041213871
"256",-0.336326592575246,-0.640257648919268,0.750830734009414,-0.502551607756051,-0.238137508452296,0.662871424251076,0.251477635680022,0.777560976708049,-0.638191871723897
"257",-0.494951791116217,-0.207880569266838,0.0360701331116602,-0.502551607756051,-0.238137508452296,-0.283756628060413,-0.20785648659433,-0.22481763687416,-0.201048700824937
"258",0.459870320537518,-0.890328081408246,1.37568185572722,0.639374885930818,-0.267869282759652,0.409485966669442,-0.385505385740962,0.35151242638064,1.4835373091644
"259",-0.757211677491532,-0.111963837564185,1.35146309126447,-0.202471573744429,-0.456545248984838,-0.489845947542127,-0.540365768300248,-0.499134966361911,-0.201048700824937
"260",1.00926747909532,-0.280768908717657,1.35669695617433,-0.43911206121359,-0.027176237012322,0.356775056969543,0.379245624892684,0.341038421274645,1.4835373091644
"261",-0.702658648721323,0.26199026995373,-1.22100480528672,0.618462548446651,0.455308207885316,0.015797835370824,-0.245975738458153,-0.276929436361451,1.4835373091644
"262",1.00926747909532,1.15295462519703,1.31297498214145,1.37987806425066,0.81400179156019,-0.237241756083866,-0.147275056793212,-0.167835960229187,-0.201048700824937
"263",0.0749387250246702,-0.292115592693874,0.614942289892522,-0.252485357267103,-0.254810313077012,-0.0207821157356365,0.404185952025004,0.1712122184829,1.4835373091644
"264",-0.0364933937137604,-0.00657123378789933,-0.637037965455113,0.470787168487622,-0.0149845727018784,0.449085236727072,0.322541716993511,0.78740711616084,-0.201048700824937
"265",0.264125106824232,-0.953649387149057,-0.550898348044844,0.997464350901641,0.308123194764119,0.41246672384217,0.268758699850828,0.230625273664059,0.576009986841172
"266",0.459870320537518,0.194320316957616,-0.173206869114191,-0.245205696963015,-0.293347536149002,0.0270428593817079,-0.399104990067718,-0.0564762972202094,1.26102331843272
"267",0.585780105205325,-0.689696175758552,-1.19108194347995,0.637457899304038,0.2983307557449,0.616934884857144,0.857106135968376,0.883529196744088,0.491815589251955
"268",-0.202946005922699,-0.156299143396222,0.317934536295696,0.282859210168252,-0.212515087248986,0.729697135622614,0.722596826167006,1.00515228620085,0.855379860797541
"269",0.648182588344482,-0.952406329624388,-0.617124256818028,0.536327837729812,0.111349220617638,0.872125984801817,0.950725894608111,0.941879019184353,-0.200913598867704
"270",0.359010412096639,-0.588604959055273,-0.161735284369253,0.523894640062435,0.281716030473384,0.463387488860582,0.306936230889084,0.677536348941529,0.726215242384795
"271",-0.564566555557283,-0.303948503560123,-0.355870236907076,0.171350602818418,0.223049791386028,-0.37635320870613,-0.894272897213621,-0.572498646428081,-0.863253554665691
"272",0.0459437724957602,-0.130481592036756,-1.20857102464656,-0.478637368912654,-0.0754996318295363,0.356201815469092,-0.115730136362837,0.56607336062549,-0.0977179208754135
"273",-0.440758196306944,0.116373663580744,-1.21636012534606,-1.49129847841263,-0.505622127577242,-0.353890990889733,-0.704487605905867,-0.801576354371855,0.450367290721551
"274",0.476073866473605,-0.634953916158036,-0.068306210211722,1.12253200093301,0.484215846259167,-0.11447788942331,0.290674804978944,-0.0642769067677446,0.192676038320782
"275",-0.366283380344119,-0.355819803842546,0.007969549549746,-0.746673356009656,-0.525498446883515,0.403286984802545,0.0776586130014667,0.788802612077207,0.313166453523787
"276",0.561031136373738,0.578554028275016,0.77409728928431,0.831965110154682,0.631622283031241,0.24177081340491,0.119175333911546,0.70903251131644,0.36564433433186
"277",-0.129049055038385,0.96903719654487,-0.76709714619609,-0.436330913855,-0.0426370820861419,-0.440037866978486,-0.2741177255052,-0.264641676115894,0.0402647842327409
"278",-0.202946005922699,-0.16373429444543,0.0353551258672713,-0.347617768196367,-0.212661443971237,-0.318850873496186,-0.343960692920606,-0.354407352949659,-0.0723955529719444
"279",0.679389794368478,-0.299410148742167,1.10184961397843,-0.255798234430871,0.193981487763688,-0.297168158257253,-0.111391843457691,0.0434901949794353,-0.041017844228537
"280",0.401030432139253,-0.22719870307844,-0.417431798151394,-0.679781137879808,-0.271307015942052,0.916459026539934,0.857415259956281,1.13764432494328,1.05892506778527
"281",-0.87814178331654,-0.496711371416527,0.747699796937059,0.948922168820022,0.236603713564269,-0.129675980737712,0.501993274096912,-0.174865844292675,-1.62639037045426
"282",0.0848967784204845,-0.972985622196331,0.457644735139784,1.07424616303043,0.417606772286871,0.546072819737837,0.445926686839117,0.858475470388681,0.824257569872524
"283",0.181859340562081,0.269289496599051,0.0283551981451328,0.612996049978942,0.262852067802398,-0.172043262074415,-0.16936294063707,0.236666215164574,-0.924906856344107
"284",0.239978787268004,-0.509882814051995,-1.19664178618859,0.350695742465015,0.370467501200707,0.313644987705435,-0.148850065418939,0.540261769568719,0.963979415892101
"285",-0.592623582891333,-0.445802440529506,-0.115577436279513,-0.483256518178546,-0.313691764623681,-0.388393213057188,-0.110706746002592,-0.440387759858279,0.429149380229966
"286",0.514827843956658,-0.703874119064716,-0.388412389850147,-0.00874803858657852,-0.31507950524638,0.275745778216336,0.519337961820156,0.294557723108515,0.310057639434645
"287",-0.420988344087225,-0.123407592389426,0.431649818644094,0.459998017604605,-0.173163761278796,-0.0647266597365827,0.448667443425667,-0.00473157669701646,0.0347451037041123
"288",0.468387866924443,0.0160475832521934,-0.820450397195015,0.390376057959256,0.231037595390444,0.565578366327756,0.598526660295754,0.574008600610899,-0.0321470858457877
"289",-0.886956131198757,-0.175051745603469,-0.447545284846823,-0.328490974878106,-0.131598375224438,0.0641543852889315,0.179197315281332,-0.384432555183035,-1.07964732687011
"290",0.392139804483413,-0.277902788255687,0.0372018266374865,0.292230986363387,-0.126721562682534,0.476558399520252,0.307187135182118,0.111142607535287,0.95938882830141
"291",0.679389794368478,0.655094848695058,-0.182719240611232,0.177927571579681,0.170088333560431,0.330275536338944,0.555576630950034,0.550582476736538,0.522571907729581
"292",0.00519244193463223,0.0451920894858057,-0.912503845782559,0.17583992473592,-0.221416481871583,-0.178577403492326,-0.193220794469023,-0.106082450417473,-0.327431647515365
"293",0.359010412096639,-0.0398583357452815,1.34923630348078,1.37987806425066,0.81400179156019,0.599376245583278,0.870153387741287,1.02452291194362,0.654255052286474
"294",-0.578953233403525,-0.196492673223512,0.22245553416968,0.590055804339202,0.0685704574270194,-0.347318796485474,-0.392529595328319,-0.0247115222200699,0.0752567980416674
"295",0.323115392693843,1.15295462519703,1.31297498214145,0.922558251820741,0.454659563336684,0.610775461592288,0.745235899805884,1.01059747202362,1.4835373091644
"296",-0.202946005922699,-0.291741094705878,0.586136189000321,1.01353325831027,0.691457781075469,-0.160021100172056,-0.258893185147843,0.0735967747796619,1.4835373091644
"297",-0.202946005922699,0.466046271200667,0.791259782266186,1.08686638028649,0.435161580974924,-0.377380098050141,-0.127208843819387,-0.237734462755979,0.605594213798324
"298",-0.609489166552931,-0.0942118179340918,0.243126502531259,-0.538618888538048,-0.18167639621658,0.0882474981434582,0.0974354088021112,0.253888057754069,0.571267473265881
"299",1.00926747909532,0.850350539113197,0.220759155248982,-0.146909045758064,0.162005375364062,0.470633596010985,0.448126541515728,-0.00737442476116989,1.4835373091644
"300",-0.845340745684996,-0.49962545469867,0.249551978016178,-0.58922350164692,-0.191961456288376,0.104313292202603,-0.169601166320001,-0.0939141144438644,0.549756029447889
